                              1 ;--------------------------------------------------------
                              2 ; File Created by SDCC : free open source ANSI-C Compiler
                              3 ; Version 4.0.0 #11528 (MINGW64)
                              4 ;--------------------------------------------------------
                              5 	.module ciclo
                              6 	.optsdcc -mz80
                              7 	
                              8 ;--------------------------------------------------------
                              9 ; Public variables in this module
                             10 ;--------------------------------------------------------
                             11 	.globl _main
                             12 	.globl _reverse
                             13 	.globl _DisplayChar
                             14 	.globl __8BP_umap_inv6
                             15 	.globl __8BP_moverall_inv2
                             16 	.globl __8BP_mover_inv3
                             17 	.globl __8BP_map2sp_inv2
                             18 	.globl __8BP_layout_inv3
                             19 	.globl __8BP_stars_inv5
                             20 	.globl __8BP_setupsp_inv4
                             21 	.globl __8BP_setupsp_inv3
                             22 	.globl __8BP_setlimits_inv4
                             23 	.globl __8BP_routesp_inv2
                             24 	.globl __8BP_printspall_inv4
                             25 	.globl __8BP_printsp_inv2
                             26 	.globl __8BP_printsp_inv3
                             27 	.globl __8BP_printat_inv
                             28 	.globl _getDescriptor
                             29 	.globl __8BP_music_inv4
                             30 	.globl __8BP_locatesp_inv3
                             31 	.globl __8BP_colspall_inv2
                             32 	.globl __8BP_colsp_inv2
                             33 	.globl __8BP_colsp_inv3
                             34 	.globl __8BP_colay_inv2
                             35 	.globl __8BP_colay_inv3
                             36 	.globl __8BP_3D_inv3
                             37 	.globl _comandos_8BP_V42
                             38 	.globl _strlen
                             39 	.globl _abs
                             40 	.globl __basic_rnd_x
                             41 	.globl _x2
                             42 	.globl _x
                             43 	.globl __xmap
                             44 	.globl __8BP_rink_N_inverse_list
                             45 	.globl __8BP_rink_N_color1
                             46 	.globl __8BP_3D_3
                             47 	.globl __8BP_3D_1
                             48 	.globl __8BP_anima_1
                             49 	.globl __8BP_animall
                             50 	.globl __8BP_auto_1
                             51 	.globl __8BP_autoall_1
                             52 	.globl __8BP_autoall
                             53 	.globl __8BP_colay
                             54 	.globl __8BP_colay_2
                             55 	.globl __8BP_colay_1
                             56 	.globl __8BP_colay_3
                             57 	.globl __8BP_colsp_3
                             58 	.globl __8BP_colsp_2
                             59 	.globl __8BP_colsp_1
                             60 	.globl __8BP_colspall
                             61 	.globl __8BP_colspall_1
                             62 	.globl __8BP_colspall_2
                             63 	.globl __8BP_locatesp_3
                             64 	.globl __8BP_music_4
                             65 	.globl __8BP_music
                             66 	.globl __8BP_printat_4
                             67 	.globl __8BP_printsp_3
                             68 	.globl __8BP_printsp_2
                             69 	.globl __8BP_printsp_1
                             70 	.globl __8BP_printspall_4
                             71 	.globl __8BP_printspall_1
                             72 	.globl __8BP_printspall
                             73 	.globl __8BP_routeall
                             74 	.globl __8BP_routesp_2
                             75 	.globl __8BP_routesp_1
                             76 	.globl __8BP_setlimits_4
                             77 	.globl __8BP_setupsp_3
                             78 	.globl __8BP_setupsp_4
                             79 	.globl __8BP_stars_5
                             80 	.globl __8BP_stars
                             81 	.globl __8BP_layout_3
                             82 	.globl __8BP_map2sp_2
                             83 	.globl __8BP_map2sp_1
                             84 	.globl __8BP_mover_3
                             85 	.globl __8BP_mover_1
                             86 	.globl __8BP_moverall_2
                             87 	.globl __8BP_moverall
                             88 	.globl __8BP_peek_2
                             89 	.globl __8BP_poke_2
                             90 	.globl __8BP_rink_1
                             91 	.globl __8BP_rink_N
                             92 	.globl __8BP_umap_6
                             93 	.globl __basic_time
                             94 	.globl __basic_rnd
                             95 	.globl __basic_border
                             96 	.globl __basic_print
                             97 	.globl __basic_inkey
                             98 	.globl __basic_str
                             99 	.globl __basic_call
                            100 	.globl __basic_locate
                            101 	.globl __basic_sound
                            102 	.globl __basic_ink
                            103 	.globl __basic_peek
                            104 	.globl __basic_poke
                            105 	.globl __basic_pen_txt
                            106 	.globl __basic_pen_graph
                            107 	.globl __basic_paper
                            108 	.globl __basic_plot
                            109 	.globl __basic_move
                            110 	.globl __basic_draw
                            111 ;--------------------------------------------------------
                            112 ; special function registers
                            113 ;--------------------------------------------------------
                            114 ;--------------------------------------------------------
                            115 ; ram data
                            116 ;--------------------------------------------------------
                            117 	.area _DATA
   0000                     118 __8BP_rink_N_color1::
   0000                     119 	.ds 1
   0001                     120 __8BP_rink_N_inverse_list::
   0001                     121 	.ds 34
   0023                     122 __basic_str_buffer_65536_273:
   0023                     123 	.ds 11
   002E                     124 __xmap::
   002E                     125 	.ds 1
   002F                     126 _x::
   002F                     127 	.ds 2
   0031                     128 _x2::
   0031                     129 	.ds 2
                            130 ;--------------------------------------------------------
                            131 ; ram data
                            132 ;--------------------------------------------------------
                            133 	.area _INITIALIZED
   0000                     134 __basic_rnd_x::
   0000                     135 	.ds 2
                            136 ;--------------------------------------------------------
                            137 ; absolute external ram data
                            138 ;--------------------------------------------------------
                            139 	.area _DABS (ABS)
                            140 ;--------------------------------------------------------
                            141 ; global & static initialisations
                            142 ;--------------------------------------------------------
                            143 	.area _HOME
                            144 	.area _GSINIT
                            145 	.area _GSFINAL
                            146 	.area _GSINIT
                            147 ;mini_BASIC/minibasic.h:178: static char buffer[]="          ";
   0000 21r23r00      [10]  148 	ld	hl, #__basic_str_buffer_65536_273
   0003 36 20         [10]  149 	ld	(hl), #0x20
   0005 21r24r00      [10]  150 	ld	hl, #(__basic_str_buffer_65536_273 + 0x0001)
   0008 36 20         [10]  151 	ld	(hl), #0x20
   000A 21r25r00      [10]  152 	ld	hl, #(__basic_str_buffer_65536_273 + 0x0002)
   000D 36 20         [10]  153 	ld	(hl), #0x20
   000F 21r26r00      [10]  154 	ld	hl, #(__basic_str_buffer_65536_273 + 0x0003)
   0012 36 20         [10]  155 	ld	(hl), #0x20
   0014 21r27r00      [10]  156 	ld	hl, #(__basic_str_buffer_65536_273 + 0x0004)
   0017 36 20         [10]  157 	ld	(hl), #0x20
   0019 21r28r00      [10]  158 	ld	hl, #(__basic_str_buffer_65536_273 + 0x0005)
   001C 36 20         [10]  159 	ld	(hl), #0x20
   001E 21r29r00      [10]  160 	ld	hl, #(__basic_str_buffer_65536_273 + 0x0006)
   0021 36 20         [10]  161 	ld	(hl), #0x20
   0023 21r2Ar00      [10]  162 	ld	hl, #(__basic_str_buffer_65536_273 + 0x0007)
   0026 36 20         [10]  163 	ld	(hl), #0x20
   0028 21r2Br00      [10]  164 	ld	hl, #(__basic_str_buffer_65536_273 + 0x0008)
   002B 36 20         [10]  165 	ld	(hl), #0x20
   002D 21r2Cr00      [10]  166 	ld	hl, #(__basic_str_buffer_65536_273 + 0x0009)
   0030 36 20         [10]  167 	ld	(hl), #0x20
   0032 21r2Dr00      [10]  168 	ld	hl, #(__basic_str_buffer_65536_273 + 0x000a)
   0035 36 00         [10]  169 	ld	(hl), #0x00
                            170 ;--------------------------------------------------------
                            171 ; Home
                            172 ;--------------------------------------------------------
                            173 	.area _HOME
                            174 	.area _HOME
                            175 ;--------------------------------------------------------
                            176 ; code
                            177 ;--------------------------------------------------------
                            178 	.area _CODE
                            179 ;8BP_wrapper/8BP.h:103: void comandos_8BP_V42(){
                            180 ;	---------------------------------
                            181 ; Function comandos_8BP_V42
                            182 ; ---------------------------------
   0000                     183 _comandos_8BP_V42::
                            184 ;8BP_wrapper/8BP.h:133: __endasm;
                     6BDE   185 	_3D	== 0x6BDE;
                     6BB7   186 	ANIMA	== 0x6BB7;
                     7479   187 	ANIMALL	== 0x7479;no se usa
                     6BC9   188 	AUTO	== 0x6BC9;
                     6B9C   189 	AUTOALL	== 0x6B9C;
                     6BA8   190 	COLAY	== 0x6BA8;
                     6BBA   191 	COLSP	== 0x6BBA;
                     6B99   192 	COLSPALL	== 0x6B99;
                     6BD5   193 	LAYOUT	== 0x6BD5;
                     6BAE   194 	LOCATESP	== 0x6BAE;
                     6BA2   195 	MAP2SP	== 0x6BA2;
                     6BC0   196 	MOVER	== 0x6BC0;
                     6B9F   197 	MOVERALL	== 0x6B9F;
                     6BD8   198 	MUSIC	== 0x6BD8;
                     6BB1   199 	PEEK	== 0x6BB1;
                     6BB4   200 	POKE	== 0x6BB4;
                     6BC6   201 	PRINTAT	== 0x6BC6;
                     6BC3   202 	PRINTSP	== 0x6BC3;
                     6B96   203 	PRINTSPALL	== 0x6B96;
                     6BBD   204 	RINK	== 0x6BBD;
                     6BCC   205 	ROUTESP	== 0x6BCC;
                     6BD2   206 	ROUTEALL	== 0x6BD2;
                     6BDB   207 	SETLIMITS	== 0x6BDB;
                     6BAB   208 	SETUPSP	== 0x6BAB;
                     6BA5   209 	STARS	== 0x6BA5;
                     6BCF   210 	UMAP	== 0x6BCF;
                            211 ;8BP_wrapper/8BP.h:134: }
   0000 C9            [10]  212 	ret
                            213 ;8BP_wrapper/8BP.h:137: void _8BP_3D_inv3(int offsety,int sp_fin, int flag)
                            214 ;	---------------------------------
                            215 ; Function _8BP_3D_inv3
                            216 ; ---------------------------------
   0001                     217 __8BP_3D_inv3::
                            218 ;8BP_wrapper/8BP.h:148: __endasm;			
   0001 3E 03         [ 7]  219 	ld	a, #3
   0003 DD 21 02 00   [14]  220 	ld	ix,#2 ;posicion primer parametro 
   0007 DD 39         [15]  221 	add ix,sp;
   0009 CD DE 6B      [17]  222 	call	_3D ;
                            223 ;8BP_wrapper/8BP.h:150: }
   000C C9            [10]  224 	ret
                            225 ;8BP_wrapper/8BP.h:152: void _8BP_3D_3(int flag, int sp_fin,int offsety)  
                            226 ;	---------------------------------
                            227 ; Function _8BP_3D_3
                            228 ; ---------------------------------
   000D                     229 __8BP_3D_3::
                            230 ;8BP_wrapper/8BP.h:154: _8BP_3D_inv3(offsety,sp_fin,flag);
   000D C1            [10]  231 	pop	bc
   000E E1            [10]  232 	pop	hl
   000F E5            [11]  233 	push	hl
   0010 C5            [11]  234 	push	bc
   0011 E5            [11]  235 	push	hl
   0012 FD 21 06 00   [14]  236 	ld	iy, #6
   0016 FD 39         [15]  237 	add	iy, sp
   0018 FD 6E 00      [19]  238 	ld	l, 0 (iy)
   001B FD 66 01      [19]  239 	ld	h, 1 (iy)
   001E E5            [11]  240 	push	hl
   001F FD 23         [10]  241 	inc	iy
   0021 FD 23         [10]  242 	inc	iy
   0023 FD 6E 00      [19]  243 	ld	l, 0 (iy)
   0026 FD 66 01      [19]  244 	ld	h, 1 (iy)
   0029 E5            [11]  245 	push	hl
   002A CDr01r00      [17]  246 	call	__8BP_3D_inv3
   002D F1            [10]  247 	pop	af
   002E F1            [10]  248 	pop	af
   002F F1            [10]  249 	pop	af
                            250 ;8BP_wrapper/8BP.h:155: }
   0030 C9            [10]  251 	ret
                            252 ;8BP_wrapper/8BP.h:157: void _8BP_3D_1(int flag) 
                            253 ;	---------------------------------
                            254 ; Function _8BP_3D_1
                            255 ; ---------------------------------
   0031                     256 __8BP_3D_1::
                            257 ;8BP_wrapper/8BP.h:164: __endasm;			
   0031 3E 01         [ 7]  258 	ld	a, #1
   0033 DD 21 02 00   [14]  259 	ld	ix,#2 ;posicion primer parametro 
   0037 DD 39         [15]  260 	add ix,sp;
   0039 CD DE 6B      [17]  261 	call	_3D ;
                            262 ;8BP_wrapper/8BP.h:166: }
   003C C9            [10]  263 	ret
                            264 ;8BP_wrapper/8BP.h:168: void _8BP_anima_1(int sp) 
                            265 ;	---------------------------------
                            266 ; Function _8BP_anima_1
                            267 ; ---------------------------------
   003D                     268 __8BP_anima_1::
                            269 ;8BP_wrapper/8BP.h:175: __endasm;			
   003D 3E 01         [ 7]  270 	ld	a, #1
   003F DD 21 02 00   [14]  271 	ld	ix,#2 ;posicion primer parametro 
   0043 DD 39         [15]  272 	add ix,sp;
   0045 CD B7 6B      [17]  273 	call	ANIMA ;
                            274 ;8BP_wrapper/8BP.h:177: }
   0048 C9            [10]  275 	ret
                            276 ;8BP_wrapper/8BP.h:179: void _8BP_animall() 
                            277 ;	---------------------------------
                            278 ; Function _8BP_animall
                            279 ; ---------------------------------
   0049                     280 __8BP_animall::
                            281 ;8BP_wrapper/8BP.h:184: __endasm;			
   0049 3E 00         [ 7]  282 	ld	a,#0
   004B CD 79 74      [17]  283 	call	ANIMALL ;
                            284 ;8BP_wrapper/8BP.h:186: }
   004E C9            [10]  285 	ret
                            286 ;8BP_wrapper/8BP.h:188: void _8BP_auto_1(int sp) 
                            287 ;	---------------------------------
                            288 ; Function _8BP_auto_1
                            289 ; ---------------------------------
   004F                     290 __8BP_auto_1::
                            291 ;8BP_wrapper/8BP.h:195: __endasm;			
   004F 3E 01         [ 7]  292 	ld	a, #1
   0051 DD 21 02 00   [14]  293 	ld	ix,#2 ;posicion primer parametro 
   0055 DD 39         [15]  294 	add ix,sp;
   0057 CD C9 6B      [17]  295 	call	AUTO ;
                            296 ;8BP_wrapper/8BP.h:197: }
   005A C9            [10]  297 	ret
                            298 ;8BP_wrapper/8BP.h:199: void _8BP_autoall_1(int flag) 
                            299 ;	---------------------------------
                            300 ; Function _8BP_autoall_1
                            301 ; ---------------------------------
   005B                     302 __8BP_autoall_1::
                            303 ;8BP_wrapper/8BP.h:206: __endasm;			
   005B 3E 01         [ 7]  304 	ld	a, #1
   005D DD 21 02 00   [14]  305 	ld	ix,#2 ;posicion primer parametro 
   0061 DD 39         [15]  306 	add ix,sp;
   0063 CD 9C 6B      [17]  307 	call	AUTOALL ;
                            308 ;8BP_wrapper/8BP.h:208: }
   0066 C9            [10]  309 	ret
                            310 ;8BP_wrapper/8BP.h:210: void _8BP_autoall() 
                            311 ;	---------------------------------
                            312 ; Function _8BP_autoall
                            313 ; ---------------------------------
   0067                     314 __8BP_autoall::
                            315 ;8BP_wrapper/8BP.h:215: __endasm;			
   0067 3E 00         [ 7]  316 	ld	a, #0
   0069 CD 9C 6B      [17]  317 	call	AUTOALL ;
                            318 ;8BP_wrapper/8BP.h:217: }
   006C C9            [10]  319 	ret
                            320 ;8BP_wrapper/8BP.h:219: void _8BP_colay_inv3( int sp,int* colision,int umbral)
                            321 ;	---------------------------------
                            322 ; Function _8BP_colay_inv3
                            323 ; ---------------------------------
   006D                     324 __8BP_colay_inv3::
                            325 ;8BP_wrapper/8BP.h:226: __endasm;		
   006D 3E 03         [ 7]  326 	ld	a, #3
   006F DD 21 02 00   [14]  327 	ld	ix,#2 ;posicion primer parametro 
   0073 DD 39         [15]  328 	add ix,sp;
   0075 CD A8 6B      [17]  329 	CALL	COLAY
                            330 ;8BP_wrapper/8BP.h:228: }
   0078 C9            [10]  331 	ret
                            332 ;8BP_wrapper/8BP.h:230: void _8BP_colay()
                            333 ;	---------------------------------
                            334 ; Function _8BP_colay
                            335 ; ---------------------------------
   0079                     336 __8BP_colay::
                            337 ;8BP_wrapper/8BP.h:235: __endasm;		
   0079 3E 00         [ 7]  338 	ld	a, #0
   007B CD A8 6B      [17]  339 	CALL	COLAY
                            340 ;8BP_wrapper/8BP.h:237: }
   007E C9            [10]  341 	ret
                            342 ;8BP_wrapper/8BP.h:239: void _8BP_colay_inv2(int sp, int* colision)
                            343 ;	---------------------------------
                            344 ; Function _8BP_colay_inv2
                            345 ; ---------------------------------
   007F                     346 __8BP_colay_inv2::
                            347 ;8BP_wrapper/8BP.h:246: __endasm;		
   007F 3E 02         [ 7]  348 	ld	a, #2
   0081 DD 21 02 00   [14]  349 	ld	ix,#2 ;posicion primer parametro 
   0085 DD 39         [15]  350 	add ix,sp;
   0087 CD A8 6B      [17]  351 	CALL	COLAY
                            352 ;8BP_wrapper/8BP.h:248: }
   008A C9            [10]  353 	ret
                            354 ;8BP_wrapper/8BP.h:249: void _8BP_colay_2(int* colision, int sp)
                            355 ;	---------------------------------
                            356 ; Function _8BP_colay_2
                            357 ; ---------------------------------
   008B                     358 __8BP_colay_2::
                            359 ;8BP_wrapper/8BP.h:251: _8BP_colay_inv2(sp, colision);
   008B C1            [10]  360 	pop	bc
   008C E1            [10]  361 	pop	hl
   008D E5            [11]  362 	push	hl
   008E C5            [11]  363 	push	bc
   008F E5            [11]  364 	push	hl
   0090 21 06 00      [10]  365 	ld	hl, #6
   0093 39            [11]  366 	add	hl, sp
   0094 4E            [ 7]  367 	ld	c, (hl)
   0095 23            [ 6]  368 	inc	hl
   0096 46            [ 7]  369 	ld	b, (hl)
   0097 C5            [11]  370 	push	bc
   0098 CDr7Fr00      [17]  371 	call	__8BP_colay_inv2
   009B F1            [10]  372 	pop	af
   009C F1            [10]  373 	pop	af
                            374 ;8BP_wrapper/8BP.h:252: }
   009D C9            [10]  375 	ret
                            376 ;8BP_wrapper/8BP.h:255: void _8BP_colay_1(int sp)
                            377 ;	---------------------------------
                            378 ; Function _8BP_colay_1
                            379 ; ---------------------------------
   009E                     380 __8BP_colay_1::
                            381 ;8BP_wrapper/8BP.h:262: __endasm;		
   009E 3E 01         [ 7]  382 	ld	a, #1
   00A0 DD 21 02 00   [14]  383 	ld	ix,#2 ;posicion primer parametro 
   00A4 DD 39         [15]  384 	add ix,sp;
   00A6 CD A8 6B      [17]  385 	CALL	COLAY
                            386 ;8BP_wrapper/8BP.h:264: }
   00A9 C9            [10]  387 	ret
                            388 ;8BP_wrapper/8BP.h:267: void _8BP_colay_3(int umbral, int* colision, int sp)
                            389 ;	---------------------------------
                            390 ; Function _8BP_colay_3
                            391 ; ---------------------------------
   00AA                     392 __8BP_colay_3::
                            393 ;8BP_wrapper/8BP.h:269: _8BP_colay_inv3( sp,colision,umbral);
   00AA C1            [10]  394 	pop	bc
   00AB E1            [10]  395 	pop	hl
   00AC E5            [11]  396 	push	hl
   00AD C5            [11]  397 	push	bc
   00AE E5            [11]  398 	push	hl
   00AF FD 21 06 00   [14]  399 	ld	iy, #6
   00B3 FD 39         [15]  400 	add	iy, sp
   00B5 FD 6E 00      [19]  401 	ld	l, 0 (iy)
   00B8 FD 66 01      [19]  402 	ld	h, 1 (iy)
   00BB E5            [11]  403 	push	hl
   00BC FD 23         [10]  404 	inc	iy
   00BE FD 23         [10]  405 	inc	iy
   00C0 FD 6E 00      [19]  406 	ld	l, 0 (iy)
   00C3 FD 66 01      [19]  407 	ld	h, 1 (iy)
   00C6 E5            [11]  408 	push	hl
   00C7 CDr6Dr00      [17]  409 	call	__8BP_colay_inv3
   00CA F1            [10]  410 	pop	af
   00CB F1            [10]  411 	pop	af
   00CC F1            [10]  412 	pop	af
                            413 ;8BP_wrapper/8BP.h:270: }
   00CD C9            [10]  414 	ret
                            415 ;8BP_wrapper/8BP.h:274: void _8BP_colsp_inv3( int b, int a,int operation)
                            416 ;	---------------------------------
                            417 ; Function _8BP_colsp_inv3
                            418 ; ---------------------------------
   00CE                     419 __8BP_colsp_inv3::
                            420 ;8BP_wrapper/8BP.h:283: __endasm;		
   00CE 3E 03         [ 7]  421 	ld	a, #3
   00D0 DD 21 02 00   [14]  422 	ld	ix,#2 ;posicion primer parametro 
   00D4 DD 39         [15]  423 	add ix,sp;
   00D6 CD BA 6B      [17]  424 	CALL	COLSP
                            425 ;8BP_wrapper/8BP.h:285: }
   00D9 C9            [10]  426 	ret
                            427 ;8BP_wrapper/8BP.h:287: void _8BP_colsp_inv2(int* colision,int sp)
                            428 ;	---------------------------------
                            429 ; Function _8BP_colsp_inv2
                            430 ; ---------------------------------
   00DA                     431 __8BP_colsp_inv2::
                            432 ;8BP_wrapper/8BP.h:295: __endasm;		
   00DA 3E 02         [ 7]  433 	ld	a, #2
   00DC DD 21 02 00   [14]  434 	ld	ix,#2 ;posicion primer parametro 
   00E0 DD 39         [15]  435 	add ix,sp;
   00E2 CD BA 6B      [17]  436 	CALL	COLSP
                            437 ;8BP_wrapper/8BP.h:297: }
   00E5 C9            [10]  438 	ret
                            439 ;8BP_wrapper/8BP.h:299: void _8BP_colsp_3(int operation, int a, int b)  
                            440 ;	---------------------------------
                            441 ; Function _8BP_colsp_3
                            442 ; ---------------------------------
   00E6                     443 __8BP_colsp_3::
                            444 ;8BP_wrapper/8BP.h:301: _8BP_colsp_inv3(b,a,operation);
   00E6 C1            [10]  445 	pop	bc
   00E7 E1            [10]  446 	pop	hl
   00E8 E5            [11]  447 	push	hl
   00E9 C5            [11]  448 	push	bc
   00EA E5            [11]  449 	push	hl
   00EB FD 21 06 00   [14]  450 	ld	iy, #6
   00EF FD 39         [15]  451 	add	iy, sp
   00F1 FD 6E 00      [19]  452 	ld	l, 0 (iy)
   00F4 FD 66 01      [19]  453 	ld	h, 1 (iy)
   00F7 E5            [11]  454 	push	hl
   00F8 FD 23         [10]  455 	inc	iy
   00FA FD 23         [10]  456 	inc	iy
   00FC FD 6E 00      [19]  457 	ld	l, 0 (iy)
   00FF FD 66 01      [19]  458 	ld	h, 1 (iy)
   0102 E5            [11]  459 	push	hl
   0103 CDrCEr00      [17]  460 	call	__8BP_colsp_inv3
   0106 F1            [10]  461 	pop	af
   0107 F1            [10]  462 	pop	af
   0108 F1            [10]  463 	pop	af
                            464 ;8BP_wrapper/8BP.h:302: }
   0109 C9            [10]  465 	ret
                            466 ;8BP_wrapper/8BP.h:304: void _8BP_colsp_2(int sp, int* colision)  
                            467 ;	---------------------------------
                            468 ; Function _8BP_colsp_2
                            469 ; ---------------------------------
   010A                     470 __8BP_colsp_2::
                            471 ;8BP_wrapper/8BP.h:306: _8BP_colsp_inv2(colision, sp);
   010A C1            [10]  472 	pop	bc
   010B E1            [10]  473 	pop	hl
   010C E5            [11]  474 	push	hl
   010D C5            [11]  475 	push	bc
   010E E5            [11]  476 	push	hl
   010F 21 06 00      [10]  477 	ld	hl, #6
   0112 39            [11]  478 	add	hl, sp
   0113 4E            [ 7]  479 	ld	c, (hl)
   0114 23            [ 6]  480 	inc	hl
   0115 46            [ 7]  481 	ld	b, (hl)
   0116 C5            [11]  482 	push	bc
   0117 CDrDAr00      [17]  483 	call	__8BP_colsp_inv2
   011A F1            [10]  484 	pop	af
   011B F1            [10]  485 	pop	af
                            486 ;8BP_wrapper/8BP.h:307: }
   011C C9            [10]  487 	ret
                            488 ;8BP_wrapper/8BP.h:309: void _8BP_colsp_1(int sp)  
                            489 ;	---------------------------------
                            490 ; Function _8BP_colsp_1
                            491 ; ---------------------------------
   011D                     492 __8BP_colsp_1::
                            493 ;8BP_wrapper/8BP.h:318: __endasm;		
   011D 3E 01         [ 7]  494 	ld	a, #1
   011F DD 21 02 00   [14]  495 	ld	ix,#2 ;posicion primer parametro 
   0123 DD 39         [15]  496 	add ix,sp;
   0125 CD BA 6B      [17]  497 	CALL	COLSP
                            498 ;8BP_wrapper/8BP.h:319: }
   0128 C9            [10]  499 	ret
                            500 ;8BP_wrapper/8BP.h:321: void _8BP_colspall_inv2(int* collided,int* collider) 
                            501 ;	---------------------------------
                            502 ; Function _8BP_colspall_inv2
                            503 ; ---------------------------------
   0129                     504 __8BP_colspall_inv2::
                            505 ;8BP_wrapper/8BP.h:329: __endasm;
   0129 3E 02         [ 7]  506 	ld	a, #2
   012B DD 21 02 00   [14]  507 	ld	ix,#2 ;posicion primer parametro 
   012F DD 39         [15]  508 	add ix,sp;
   0131 CD 99 6B      [17]  509 	CALL	COLSPALL
                            510 ;8BP_wrapper/8BP.h:330: }
   0134 C9            [10]  511 	ret
                            512 ;8BP_wrapper/8BP.h:332: void _8BP_colspall() 
                            513 ;	---------------------------------
                            514 ; Function _8BP_colspall
                            515 ; ---------------------------------
   0135                     516 __8BP_colspall::
                            517 ;8BP_wrapper/8BP.h:337: __endasm;	
   0135 3E 00         [ 7]  518 	ld	a, #0
   0137 CD 99 6B      [17]  519 	CALL	COLSPALL
                            520 ;8BP_wrapper/8BP.h:338: }
   013A C9            [10]  521 	ret
                            522 ;8BP_wrapper/8BP.h:340: void _8BP_colspall_1(int collider_ini) __critical
                            523 ;	---------------------------------
                            524 ; Function _8BP_colspall_1
                            525 ; ---------------------------------
   013B                     526 __8BP_colspall_1::
   013B ED 57         [ 9]  527 	ld	a,i
   013D F3            [ 4]  528 	di
   013E F5            [11]  529 	push	af
                            530 ;8BP_wrapper/8BP.h:348: __endasm;	
   013F 3E 01         [ 7]  531 	ld	a, #1
   0141 DD 21 02 00   [14]  532 	ld	ix,#2 ;posicion primer parametro 
   0145 DD 39         [15]  533 	add ix,sp;
   0147 CD 99 6B      [17]  534 	CALL	COLSPALL
                            535 ;8BP_wrapper/8BP.h:349: }
   014A F1            [10]  536 	pop	af
   014B E0            [11]  537 	ret	PO
   014C FB            [ 4]  538 	ei
   014D C9            [10]  539 	ret
                            540 ;8BP_wrapper/8BP.h:351: void _8BP_colspall_2(int* collider, int* collided) 
                            541 ;	---------------------------------
                            542 ; Function _8BP_colspall_2
                            543 ; ---------------------------------
   014E                     544 __8BP_colspall_2::
                            545 ;8BP_wrapper/8BP.h:353: _8BP_colspall_inv2(collided,collider);
   014E C1            [10]  546 	pop	bc
   014F E1            [10]  547 	pop	hl
   0150 E5            [11]  548 	push	hl
   0151 C5            [11]  549 	push	bc
   0152 E5            [11]  550 	push	hl
   0153 21 06 00      [10]  551 	ld	hl, #6
   0156 39            [11]  552 	add	hl, sp
   0157 4E            [ 7]  553 	ld	c, (hl)
   0158 23            [ 6]  554 	inc	hl
   0159 46            [ 7]  555 	ld	b, (hl)
   015A C5            [11]  556 	push	bc
   015B CDr29r01      [17]  557 	call	__8BP_colspall_inv2
   015E F1            [10]  558 	pop	af
   015F F1            [10]  559 	pop	af
                            560 ;8BP_wrapper/8BP.h:354: }
   0160 C9            [10]  561 	ret
                            562 ;8BP_wrapper/8BP.h:356: void _8BP_locatesp_inv3(int x, int y, char sp)
                            563 ;	---------------------------------
                            564 ; Function _8BP_locatesp_inv3
                            565 ; ---------------------------------
   0161                     566 __8BP_locatesp_inv3::
                            567 ;8BP_wrapper/8BP.h:365: __endasm;	
   0161 3E 03         [ 7]  568 	ld	a, #3
   0163 DD 21 02 00   [14]  569 	ld	ix,#2 ;posicion primer parametro 
   0167 DD 39         [15]  570 	add ix,sp;
   0169 CD AE 6B      [17]  571 	CALL	LOCATESP
                            572 ;8BP_wrapper/8BP.h:367: }
   016C C9            [10]  573 	ret
                            574 ;8BP_wrapper/8BP.h:369: void _8BP_locatesp_3(char sp, int y, int x) 
                            575 ;	---------------------------------
                            576 ; Function _8BP_locatesp_3
                            577 ; ---------------------------------
   016D                     578 __8BP_locatesp_3::
                            579 ;8BP_wrapper/8BP.h:371: _8BP_locatesp_inv3( x, y, sp);
   016D FD 21 02 00   [14]  580 	ld	iy, #2
   0171 FD 39         [15]  581 	add	iy, sp
   0173 FD 7E 00      [19]  582 	ld	a, 0 (iy)
   0176 F5            [11]  583 	push	af
   0177 33            [ 6]  584 	inc	sp
   0178 FD 23         [10]  585 	inc	iy
   017A FD 6E 00      [19]  586 	ld	l, 0 (iy)
   017D FD 66 01      [19]  587 	ld	h, 1 (iy)
   0180 E5            [11]  588 	push	hl
   0181 FD 23         [10]  589 	inc	iy
   0183 FD 23         [10]  590 	inc	iy
   0185 FD 6E 00      [19]  591 	ld	l, 0 (iy)
   0188 FD 66 01      [19]  592 	ld	h, 1 (iy)
   018B E5            [11]  593 	push	hl
   018C CDr61r01      [17]  594 	call	__8BP_locatesp_inv3
   018F F1            [10]  595 	pop	af
   0190 F1            [10]  596 	pop	af
   0191 33            [ 6]  597 	inc	sp
                            598 ;8BP_wrapper/8BP.h:372: }
   0192 C9            [10]  599 	ret
                            600 ;8BP_wrapper/8BP.h:375: void _8BP_music_inv4(int speed, int song, int flag_repetition, int flag_c) 
                            601 ;	---------------------------------
                            602 ; Function _8BP_music_inv4
                            603 ; ---------------------------------
   0193                     604 __8BP_music_inv4::
                            605 ;8BP_wrapper/8BP.h:386: __endasm;		
   0193 3E 04         [ 7]  606 	ld	a, #4
   0195 DD 21 02 00   [14]  607 	ld	ix,#2 ;posicion primer parametro 
   0199 DD 39         [15]  608 	add ix,sp;
   019B CD D8 6B      [17]  609 	CALL	MUSIC
                            610 ;8BP_wrapper/8BP.h:387: }
   019E C9            [10]  611 	ret
                            612 ;8BP_wrapper/8BP.h:389: void _8BP_music_4(int flag_c, int flag_repetition,int song, int speed)  
                            613 ;	---------------------------------
                            614 ; Function _8BP_music_4
                            615 ; ---------------------------------
   019F                     616 __8BP_music_4::
                            617 ;8BP_wrapper/8BP.h:391: _8BP_music_inv4(speed, song, flag_repetition, flag_c);
   019F C1            [10]  618 	pop	bc
   01A0 E1            [10]  619 	pop	hl
   01A1 E5            [11]  620 	push	hl
   01A2 C5            [11]  621 	push	bc
   01A3 E5            [11]  622 	push	hl
   01A4 FD 21 06 00   [14]  623 	ld	iy, #6
   01A8 FD 39         [15]  624 	add	iy, sp
   01AA FD 6E 00      [19]  625 	ld	l, 0 (iy)
   01AD FD 66 01      [19]  626 	ld	h, 1 (iy)
   01B0 E5            [11]  627 	push	hl
   01B1 FD 23         [10]  628 	inc	iy
   01B3 FD 23         [10]  629 	inc	iy
   01B5 FD 6E 00      [19]  630 	ld	l, 0 (iy)
   01B8 FD 66 01      [19]  631 	ld	h, 1 (iy)
   01BB E5            [11]  632 	push	hl
   01BC FD 23         [10]  633 	inc	iy
   01BE FD 23         [10]  634 	inc	iy
   01C0 FD 6E 00      [19]  635 	ld	l, 0 (iy)
   01C3 FD 66 01      [19]  636 	ld	h, 1 (iy)
   01C6 E5            [11]  637 	push	hl
   01C7 CDr93r01      [17]  638 	call	__8BP_music_inv4
   01CA F1            [10]  639 	pop	af
   01CB F1            [10]  640 	pop	af
   01CC F1            [10]  641 	pop	af
   01CD F1            [10]  642 	pop	af
                            643 ;8BP_wrapper/8BP.h:393: }
   01CE C9            [10]  644 	ret
                            645 ;8BP_wrapper/8BP.h:395: void _8BP_music()
                            646 ;	---------------------------------
                            647 ; Function _8BP_music
                            648 ; ---------------------------------
   01CF                     649 __8BP_music::
                            650 ;8BP_wrapper/8BP.h:400: __endasm;		
   01CF 3E 00         [ 7]  651 	ld	a, #0
   01D1 CD D8 6B      [17]  652 	CALL	MUSIC
                            653 ;8BP_wrapper/8BP.h:401: }
   01D4 C9            [10]  654 	ret
                            655 ;8BP_wrapper/8BP.h:403: void getDescriptor(char* desc,char *cad)
                            656 ;	---------------------------------
                            657 ; Function getDescriptor
                            658 ; ---------------------------------
   01D5                     659 _getDescriptor::
                            660 ;8BP_wrapper/8BP.h:407: char len=strlen(cad);
   01D5 21 04 00      [10]  661 	ld	hl, #4
   01D8 39            [11]  662 	add	hl, sp
   01D9 4E            [ 7]  663 	ld	c, (hl)
   01DA 23            [ 6]  664 	inc	hl
   01DB 46            [ 7]  665 	ld	b, (hl)
   01DC C5            [11]  666 	push	bc
   01DD CDr00r00      [17]  667 	call	_strlen
   01E0 F1            [10]  668 	pop	af
   01E1 4D            [ 4]  669 	ld	c, l
                            670 ;8BP_wrapper/8BP.h:408: desc[0]=len;
   01E2 D1            [10]  671 	pop	de
   01E3 E1            [10]  672 	pop	hl
   01E4 E5            [11]  673 	push	hl
   01E5 D5            [11]  674 	push	de
   01E6 71            [ 7]  675 	ld	(hl), c
                            676 ;8BP_wrapper/8BP.h:410: p=desc+1;
   01E7 23            [ 6]  677 	inc	hl
                            678 ;8BP_wrapper/8BP.h:411: *p=cad;
   01E8 FD 21 04 00   [14]  679 	ld	iy, #4
   01EC FD 39         [15]  680 	add	iy, sp
   01EE FD 4E 00      [19]  681 	ld	c, 0 (iy)
   01F1 FD 7E 01      [19]  682 	ld	a, 1 (iy)
   01F4 71            [ 7]  683 	ld	(hl), c
   01F5 23            [ 6]  684 	inc	hl
   01F6 77            [ 7]  685 	ld	(hl), a
                            686 ;8BP_wrapper/8BP.h:414: }
   01F7 C9            [10]  687 	ret
                            688 ;8BP_wrapper/8BP.h:416: void _8BP_printat_inv(char *descriptor , int x, int y,int flag) 
                            689 ;	---------------------------------
                            690 ; Function _8BP_printat_inv
                            691 ; ---------------------------------
   01F8                     692 __8BP_printat_inv::
                            693 ;8BP_wrapper/8BP.h:426: __endasm;			
   01F8 3E 04         [ 7]  694 	ld	a, #4
   01FA DD 21 02 00   [14]  695 	ld	ix,#2 ;posicion primer parametro 
   01FE DD 39         [15]  696 	add ix,sp;
   0200 CD C6 6B      [17]  697 	CALL	PRINTAT
                            698 ;8BP_wrapper/8BP.h:428: }
   0203 C9            [10]  699 	ret
                            700 ;8BP_wrapper/8BP.h:430: void _8BP_printat_4(int flag,int y,int x, char* cad)  
                            701 ;	---------------------------------
                            702 ; Function _8BP_printat_4
                            703 ; ---------------------------------
   0204                     704 __8BP_printat_4::
   0204 F5            [11]  705 	push	af
   0205 3B            [ 6]  706 	dec	sp
                            707 ;8BP_wrapper/8BP.h:433: char descriptor[3]={0,0,0};
   0206 21 00 00      [10]  708 	ld	hl, #0
   0209 39            [11]  709 	add	hl, sp
   020A EB            [ 4]  710 	ex	de, hl
   020B AF            [ 4]  711 	xor	a, a
   020C 12            [ 7]  712 	ld	(de), a
   020D 4B            [ 4]  713 	ld	c, e
   020E 42            [ 4]  714 	ld	b, d
   020F 03            [ 6]  715 	inc	bc
   0210 AF            [ 4]  716 	xor	a, a
   0211 02            [ 7]  717 	ld	(bc), a
   0212 6B            [ 4]  718 	ld	l, e
   0213 62            [ 4]  719 	ld	h, d
   0214 23            [ 6]  720 	inc	hl
   0215 23            [ 6]  721 	inc	hl
   0216 36 00         [10]  722 	ld	(hl), #0x00
                            723 ;8BP_wrapper/8BP.h:434: char len=strlen(cad);
   0218 C5            [11]  724 	push	bc
   0219 21 0D 00      [10]  725 	ld	hl, #13
   021C 39            [11]  726 	add	hl, sp
   021D 4E            [ 7]  727 	ld	c, (hl)
   021E 23            [ 6]  728 	inc	hl
   021F 46            [ 7]  729 	ld	b, (hl)
   0220 C5            [11]  730 	push	bc
   0221 CDr00r00      [17]  731 	call	_strlen
   0224 F1            [10]  732 	pop	af
   0225 C1            [10]  733 	pop	bc
   0226 7D            [ 4]  734 	ld	a, l
                            735 ;8BP_wrapper/8BP.h:435: descriptor[0]=len;
   0227 12            [ 7]  736 	ld	(de), a
                            737 ;8BP_wrapper/8BP.h:437: p=descriptor+1;
   0228 69            [ 4]  738 	ld	l, c
   0229 60            [ 4]  739 	ld	h, b
                            740 ;8BP_wrapper/8BP.h:438: *p=cad;  
   022A FD 21 0B 00   [14]  741 	ld	iy, #11
   022E FD 39         [15]  742 	add	iy, sp
   0230 FD 4E 00      [19]  743 	ld	c, 0 (iy)
   0233 FD 7E 01      [19]  744 	ld	a, 1 (iy)
   0236 71            [ 7]  745 	ld	(hl), c
   0237 23            [ 6]  746 	inc	hl
   0238 77            [ 7]  747 	ld	(hl), a
                            748 ;8BP_wrapper/8BP.h:441: _8BP_printat_inv(descriptor, x, y, flag);   
   0239 FD 21 05 00   [14]  749 	ld	iy, #5
   023D FD 39         [15]  750 	add	iy, sp
   023F FD 6E 00      [19]  751 	ld	l, 0 (iy)
   0242 FD 66 01      [19]  752 	ld	h, 1 (iy)
   0245 E5            [11]  753 	push	hl
   0246 FD 23         [10]  754 	inc	iy
   0248 FD 23         [10]  755 	inc	iy
   024A FD 6E 00      [19]  756 	ld	l, 0 (iy)
   024D FD 66 01      [19]  757 	ld	h, 1 (iy)
   0250 E5            [11]  758 	push	hl
   0251 FD 23         [10]  759 	inc	iy
   0253 FD 23         [10]  760 	inc	iy
   0255 FD 6E 00      [19]  761 	ld	l, 0 (iy)
   0258 FD 66 01      [19]  762 	ld	h, 1 (iy)
   025B E5            [11]  763 	push	hl
   025C D5            [11]  764 	push	de
   025D CDrF8r01      [17]  765 	call	__8BP_printat_inv
   0260 F1            [10]  766 	pop	af
   0261 F1            [10]  767 	pop	af
   0262 F1            [10]  768 	pop	af
   0263 F1            [10]  769 	pop	af
                            770 ;8BP_wrapper/8BP.h:443: } 
   0264 F1            [10]  771 	pop	af
   0265 33            [ 6]  772 	inc	sp
   0266 C9            [10]  773 	ret
                            774 ;8BP_wrapper/8BP.h:445: void _8BP_printsp_inv3(int x,int y, int sp)  
                            775 ;	---------------------------------
                            776 ; Function _8BP_printsp_inv3
                            777 ; ---------------------------------
   0267                     778 __8BP_printsp_inv3::
                            779 ;8BP_wrapper/8BP.h:455: __endasm;	
   0267 3E 03         [ 7]  780 	ld	a, #3 ; se envian 3 parametros
   0269 DD 21 02 00   [14]  781 	ld	ix,#2 ;posicion primer parametro 
   026D DD 39         [15]  782 	add ix,sp;
   026F CD C3 6B      [17]  783 	CALL	PRINTSP
                            784 ;8BP_wrapper/8BP.h:456: }
   0272 C9            [10]  785 	ret
                            786 ;8BP_wrapper/8BP.h:458: void _8BP_printsp_inv2(int bits, int sp) 
                            787 ;	---------------------------------
                            788 ; Function _8BP_printsp_inv2
                            789 ; ---------------------------------
   0273                     790 __8BP_printsp_inv2::
                            791 ;8BP_wrapper/8BP.h:467: __endasm;	
   0273 3E 02         [ 7]  792 	ld	a, #2
   0275 DD 21 02 00   [14]  793 	ld	ix,#2 ;posicion primer parametro 
   0279 DD 39         [15]  794 	add ix,sp;
   027B CD C3 6B      [17]  795 	call	PRINTSP ;
                            796 ;8BP_wrapper/8BP.h:469: }
   027E C9            [10]  797 	ret
                            798 ;8BP_wrapper/8BP.h:471: void _8BP_printsp_3(int sp, int y, int x)  
                            799 ;	---------------------------------
                            800 ; Function _8BP_printsp_3
                            801 ; ---------------------------------
   027F                     802 __8BP_printsp_3::
                            803 ;8BP_wrapper/8BP.h:473: _8BP_printsp_inv3( x, y,  sp);
   027F C1            [10]  804 	pop	bc
   0280 E1            [10]  805 	pop	hl
   0281 E5            [11]  806 	push	hl
   0282 C5            [11]  807 	push	bc
   0283 E5            [11]  808 	push	hl
   0284 FD 21 06 00   [14]  809 	ld	iy, #6
   0288 FD 39         [15]  810 	add	iy, sp
   028A FD 6E 00      [19]  811 	ld	l, 0 (iy)
   028D FD 66 01      [19]  812 	ld	h, 1 (iy)
   0290 E5            [11]  813 	push	hl
   0291 FD 23         [10]  814 	inc	iy
   0293 FD 23         [10]  815 	inc	iy
   0295 FD 6E 00      [19]  816 	ld	l, 0 (iy)
   0298 FD 66 01      [19]  817 	ld	h, 1 (iy)
   029B E5            [11]  818 	push	hl
   029C CDr67r02      [17]  819 	call	__8BP_printsp_inv3
   029F F1            [10]  820 	pop	af
   02A0 F1            [10]  821 	pop	af
   02A1 F1            [10]  822 	pop	af
                            823 ;8BP_wrapper/8BP.h:474: }
   02A2 C9            [10]  824 	ret
                            825 ;8BP_wrapper/8BP.h:476: void _8BP_printsp_2(int sp,int bits_background)  
                            826 ;	---------------------------------
                            827 ; Function _8BP_printsp_2
                            828 ; ---------------------------------
   02A3                     829 __8BP_printsp_2::
                            830 ;8BP_wrapper/8BP.h:478: _8BP_printsp_inv2( bits_background,  sp);
   02A3 C1            [10]  831 	pop	bc
   02A4 E1            [10]  832 	pop	hl
   02A5 E5            [11]  833 	push	hl
   02A6 C5            [11]  834 	push	bc
   02A7 E5            [11]  835 	push	hl
   02A8 21 06 00      [10]  836 	ld	hl, #6
   02AB 39            [11]  837 	add	hl, sp
   02AC 4E            [ 7]  838 	ld	c, (hl)
   02AD 23            [ 6]  839 	inc	hl
   02AE 46            [ 7]  840 	ld	b, (hl)
   02AF C5            [11]  841 	push	bc
   02B0 CDr73r02      [17]  842 	call	__8BP_printsp_inv2
   02B3 F1            [10]  843 	pop	af
   02B4 F1            [10]  844 	pop	af
                            845 ;8BP_wrapper/8BP.h:479: }
   02B5 C9            [10]  846 	ret
                            847 ;8BP_wrapper/8BP.h:481: void _8BP_printsp_1(int sp)  
                            848 ;	---------------------------------
                            849 ; Function _8BP_printsp_1
                            850 ; ---------------------------------
   02B6                     851 __8BP_printsp_1::
                            852 ;8BP_wrapper/8BP.h:489: __endasm;	
   02B6 3E 01         [ 7]  853 	ld	a, #1
   02B8 DD 21 02 00   [14]  854 	ld	ix,#2 ;posicion primer parametro 
   02BC DD 39         [15]  855 	add ix,sp;
   02BE CD C3 6B      [17]  856 	CALL	PRINTSP
                            857 ;8BP_wrapper/8BP.h:492: }
   02C1 C9            [10]  858 	ret
                            859 ;8BP_wrapper/8BP.h:494: void _8BP_printspall_inv4(int flag_sync,int flag_anima, int fin, int ini)
                            860 ;	---------------------------------
                            861 ; Function _8BP_printspall_inv4
                            862 ; ---------------------------------
   02C2                     863 __8BP_printspall_inv4::
                            864 ;8BP_wrapper/8BP.h:504: __endasm;	
   02C2 3E 04         [ 7]  865 	ld	a, #4
   02C4 DD 21 02 00   [14]  866 	ld	ix,#2 ;posicion primer parametro 
   02C8 DD 39         [15]  867 	add ix,sp;
   02CA CD 96 6B      [17]  868 	CALL	PRINTSPALL
                            869 ;8BP_wrapper/8BP.h:505: }
   02CD C9            [10]  870 	ret
                            871 ;8BP_wrapper/8BP.h:507: void _8BP_printspall_4(int ini, int fin, int flag_anima, int flag_sync)  
                            872 ;	---------------------------------
                            873 ; Function _8BP_printspall_4
                            874 ; ---------------------------------
   02CE                     875 __8BP_printspall_4::
                            876 ;8BP_wrapper/8BP.h:509: _8BP_printspall_inv4(flag_sync, flag_anima, fin, ini);
   02CE C1            [10]  877 	pop	bc
   02CF E1            [10]  878 	pop	hl
   02D0 E5            [11]  879 	push	hl
   02D1 C5            [11]  880 	push	bc
   02D2 E5            [11]  881 	push	hl
   02D3 FD 21 06 00   [14]  882 	ld	iy, #6
   02D7 FD 39         [15]  883 	add	iy, sp
   02D9 FD 6E 00      [19]  884 	ld	l, 0 (iy)
   02DC FD 66 01      [19]  885 	ld	h, 1 (iy)
   02DF E5            [11]  886 	push	hl
   02E0 FD 23         [10]  887 	inc	iy
   02E2 FD 23         [10]  888 	inc	iy
   02E4 FD 6E 00      [19]  889 	ld	l, 0 (iy)
   02E7 FD 66 01      [19]  890 	ld	h, 1 (iy)
   02EA E5            [11]  891 	push	hl
   02EB FD 23         [10]  892 	inc	iy
   02ED FD 23         [10]  893 	inc	iy
   02EF FD 6E 00      [19]  894 	ld	l, 0 (iy)
   02F2 FD 66 01      [19]  895 	ld	h, 1 (iy)
   02F5 E5            [11]  896 	push	hl
   02F6 CDrC2r02      [17]  897 	call	__8BP_printspall_inv4
   02F9 F1            [10]  898 	pop	af
   02FA F1            [10]  899 	pop	af
   02FB F1            [10]  900 	pop	af
   02FC F1            [10]  901 	pop	af
                            902 ;8BP_wrapper/8BP.h:510: }
   02FD C9            [10]  903 	ret
                            904 ;8BP_wrapper/8BP.h:512: void _8BP_printspall_1(int order_type)  
                            905 ;	---------------------------------
                            906 ; Function _8BP_printspall_1
                            907 ; ---------------------------------
   02FE                     908 __8BP_printspall_1::
                            909 ;8BP_wrapper/8BP.h:519: __endasm;	
   02FE 3E 01         [ 7]  910 	ld	a, #1
   0300 DD 21 02 00   [14]  911 	ld	ix,#2 ;posicion primer parametro 
   0304 DD 39         [15]  912 	add ix,sp;
   0306 CD 96 6B      [17]  913 	CALL	PRINTSPALL
                            914 ;8BP_wrapper/8BP.h:520: }
   0309 C9            [10]  915 	ret
                            916 ;8BP_wrapper/8BP.h:522: void _8BP_printspall() 
                            917 ;	---------------------------------
                            918 ; Function _8BP_printspall
                            919 ; ---------------------------------
   030A                     920 __8BP_printspall::
                            921 ;8BP_wrapper/8BP.h:527: __endasm;	
   030A 3E 00         [ 7]  922 	ld	a, #0
   030C CD 96 6B      [17]  923 	CALL	PRINTSPALL
                            924 ;8BP_wrapper/8BP.h:528: }
   030F C9            [10]  925 	ret
                            926 ;8BP_wrapper/8BP.h:530: void _8BP_routeall()
                            927 ;	---------------------------------
                            928 ; Function _8BP_routeall
                            929 ; ---------------------------------
   0310                     930 __8BP_routeall::
                            931 ;8BP_wrapper/8BP.h:535: __endasm;	
   0310 3E 00         [ 7]  932 	ld	a, #0;
   0312 CD D2 6B      [17]  933 	CALL	ROUTEALL
                            934 ;8BP_wrapper/8BP.h:537: }
   0315 C9            [10]  935 	ret
                            936 ;8BP_wrapper/8BP.h:540: void _8BP_routesp_inv2(int pasos, int sp) 
                            937 ;	---------------------------------
                            938 ; Function _8BP_routesp_inv2
                            939 ; ---------------------------------
   0316                     940 __8BP_routesp_inv2::
                            941 ;8BP_wrapper/8BP.h:548: __endasm;	
   0316 3E 02         [ 7]  942 	ld	a, #2 ;
   0318 DD 21 02 00   [14]  943 	ld	ix,#2 ;posicion primer parametro 
   031C DD 39         [15]  944 	add ix,sp;
   031E CD CC 6B      [17]  945 	CALL	ROUTESP
                            946 ;8BP_wrapper/8BP.h:549: }
   0321 C9            [10]  947 	ret
                            948 ;8BP_wrapper/8BP.h:551: void _8BP_routesp_2(int sp, int pasos)  
                            949 ;	---------------------------------
                            950 ; Function _8BP_routesp_2
                            951 ; ---------------------------------
   0322                     952 __8BP_routesp_2::
                            953 ;8BP_wrapper/8BP.h:553: _8BP_routesp_inv2(pasos,sp) ;
   0322 C1            [10]  954 	pop	bc
   0323 E1            [10]  955 	pop	hl
   0324 E5            [11]  956 	push	hl
   0325 C5            [11]  957 	push	bc
   0326 E5            [11]  958 	push	hl
   0327 21 06 00      [10]  959 	ld	hl, #6
   032A 39            [11]  960 	add	hl, sp
   032B 4E            [ 7]  961 	ld	c, (hl)
   032C 23            [ 6]  962 	inc	hl
   032D 46            [ 7]  963 	ld	b, (hl)
   032E C5            [11]  964 	push	bc
   032F CDr16r03      [17]  965 	call	__8BP_routesp_inv2
   0332 F1            [10]  966 	pop	af
   0333 F1            [10]  967 	pop	af
                            968 ;8BP_wrapper/8BP.h:554: }
   0334 C9            [10]  969 	ret
                            970 ;8BP_wrapper/8BP.h:556: void _8BP_routesp_1(int sp)  
                            971 ;	---------------------------------
                            972 ; Function _8BP_routesp_1
                            973 ; ---------------------------------
   0335                     974 __8BP_routesp_1::
                            975 ;8BP_wrapper/8BP.h:563: __endasm;	
   0335 3E 01         [ 7]  976 	ld	a, #1 ;
   0337 DD 21 02 00   [14]  977 	ld	ix,#2 ;posicion primer parametro 
   033B DD 39         [15]  978 	add ix,sp;
   033D CD CC 6B      [17]  979 	CALL	ROUTESP
                            980 ;8BP_wrapper/8BP.h:565: }
   0340 C9            [10]  981 	ret
                            982 ;8BP_wrapper/8BP.h:567: void _8BP_setlimits_inv4(int ymax, int ymin, int xmax,int xmin)
                            983 ;	---------------------------------
                            984 ; Function _8BP_setlimits_inv4
                            985 ; ---------------------------------
   0341                     986 __8BP_setlimits_inv4::
                            987 ;8BP_wrapper/8BP.h:574: __endasm;	
   0341 3E 04         [ 7]  988 	ld	a, #4 ;
   0343 DD 21 02 00   [14]  989 	ld	ix,#2 ;posicion primer parametro 
   0347 DD 39         [15]  990 	add ix,sp;
   0349 CD DB 6B      [17]  991 	CALL	SETLIMITS
                            992 ;8BP_wrapper/8BP.h:577: }
   034C C9            [10]  993 	ret
                            994 ;8BP_wrapper/8BP.h:579: void _8BP_setlimits_4(int xmin,int xmax, int ymin, int ymax)
                            995 ;	---------------------------------
                            996 ; Function _8BP_setlimits_4
                            997 ; ---------------------------------
   034D                     998 __8BP_setlimits_4::
                            999 ;8BP_wrapper/8BP.h:581: _8BP_setlimits_inv4( ymax,  ymin,  xmax, xmin);
   034D C1            [10] 1000 	pop	bc
   034E E1            [10] 1001 	pop	hl
   034F E5            [11] 1002 	push	hl
   0350 C5            [11] 1003 	push	bc
   0351 E5            [11] 1004 	push	hl
   0352 FD 21 06 00   [14] 1005 	ld	iy, #6
   0356 FD 39         [15] 1006 	add	iy, sp
   0358 FD 6E 00      [19] 1007 	ld	l, 0 (iy)
   035B FD 66 01      [19] 1008 	ld	h, 1 (iy)
   035E E5            [11] 1009 	push	hl
   035F FD 23         [10] 1010 	inc	iy
   0361 FD 23         [10] 1011 	inc	iy
   0363 FD 6E 00      [19] 1012 	ld	l, 0 (iy)
   0366 FD 66 01      [19] 1013 	ld	h, 1 (iy)
   0369 E5            [11] 1014 	push	hl
   036A FD 23         [10] 1015 	inc	iy
   036C FD 23         [10] 1016 	inc	iy
   036E FD 6E 00      [19] 1017 	ld	l, 0 (iy)
   0371 FD 66 01      [19] 1018 	ld	h, 1 (iy)
   0374 E5            [11] 1019 	push	hl
   0375 CDr41r03      [17] 1020 	call	__8BP_setlimits_inv4
   0378 F1            [10] 1021 	pop	af
   0379 F1            [10] 1022 	pop	af
   037A F1            [10] 1023 	pop	af
   037B F1            [10] 1024 	pop	af
                           1025 ;8BP_wrapper/8BP.h:582: }
   037C C9            [10] 1026 	ret
                           1027 ;8BP_wrapper/8BP.h:584: void _8BP_setupsp_inv3(int value,int param, int sp) 
                           1028 ;	---------------------------------
                           1029 ; Function _8BP_setupsp_inv3
                           1030 ; ---------------------------------
   037D                    1031 __8BP_setupsp_inv3::
                           1032 ;8BP_wrapper/8BP.h:593: __endasm;	
   037D 3E 03         [ 7] 1033 	ld	a, #3 ; se envian 3 parametros
   037F DD 21 02 00   [14] 1034 	ld	ix,#2 ;posicion primer parametro 
   0383 DD 39         [15] 1035 	add ix,sp;
   0385 CD AB 6B      [17] 1036 	CALL	SETUPSP
                           1037 ;8BP_wrapper/8BP.h:594: }
   0388 C9            [10] 1038 	ret
                           1039 ;8BP_wrapper/8BP.h:596: void _8BP_setupsp_inv4(int value2,int value1,int param, int sp) 
                           1040 ;	---------------------------------
                           1041 ; Function _8BP_setupsp_inv4
                           1042 ; ---------------------------------
   0389                    1043 __8BP_setupsp_inv4::
                           1044 ;8BP_wrapper/8BP.h:606: __endasm;	
   0389 3E 04         [ 7] 1045 	ld	a, #4 ;
   038B DD 21 02 00   [14] 1046 	ld	ix,#2 ;posicion primer parametro 
   038F DD 39         [15] 1047 	add ix,sp;
   0391 CD AB 6B      [17] 1048 	CALL	SETUPSP
                           1049 ;8BP_wrapper/8BP.h:607: }
   0394 C9            [10] 1050 	ret
                           1051 ;8BP_wrapper/8BP.h:609: void _8BP_setupsp_3(int sp,int param, int value)  
                           1052 ;	---------------------------------
                           1053 ; Function _8BP_setupsp_3
                           1054 ; ---------------------------------
   0395                    1055 __8BP_setupsp_3::
                           1056 ;8BP_wrapper/8BP.h:611: _8BP_setupsp_inv3(value,param, sp);
   0395 C1            [10] 1057 	pop	bc
   0396 E1            [10] 1058 	pop	hl
   0397 E5            [11] 1059 	push	hl
   0398 C5            [11] 1060 	push	bc
   0399 E5            [11] 1061 	push	hl
   039A FD 21 06 00   [14] 1062 	ld	iy, #6
   039E FD 39         [15] 1063 	add	iy, sp
   03A0 FD 6E 00      [19] 1064 	ld	l, 0 (iy)
   03A3 FD 66 01      [19] 1065 	ld	h, 1 (iy)
   03A6 E5            [11] 1066 	push	hl
   03A7 FD 23         [10] 1067 	inc	iy
   03A9 FD 23         [10] 1068 	inc	iy
   03AB FD 6E 00      [19] 1069 	ld	l, 0 (iy)
   03AE FD 66 01      [19] 1070 	ld	h, 1 (iy)
   03B1 E5            [11] 1071 	push	hl
   03B2 CDr7Dr03      [17] 1072 	call	__8BP_setupsp_inv3
   03B5 F1            [10] 1073 	pop	af
   03B6 F1            [10] 1074 	pop	af
   03B7 F1            [10] 1075 	pop	af
                           1076 ;8BP_wrapper/8BP.h:612: }
   03B8 C9            [10] 1077 	ret
                           1078 ;8BP_wrapper/8BP.h:614: void _8BP_setupsp_4(int sp,int param, int value1,int value2) 
                           1079 ;	---------------------------------
                           1080 ; Function _8BP_setupsp_4
                           1081 ; ---------------------------------
   03B9                    1082 __8BP_setupsp_4::
                           1083 ;8BP_wrapper/8BP.h:616: _8BP_setupsp_inv4(value2,value1,param, sp);
   03B9 C1            [10] 1084 	pop	bc
   03BA E1            [10] 1085 	pop	hl
   03BB E5            [11] 1086 	push	hl
   03BC C5            [11] 1087 	push	bc
   03BD E5            [11] 1088 	push	hl
   03BE FD 21 06 00   [14] 1089 	ld	iy, #6
   03C2 FD 39         [15] 1090 	add	iy, sp
   03C4 FD 6E 00      [19] 1091 	ld	l, 0 (iy)
   03C7 FD 66 01      [19] 1092 	ld	h, 1 (iy)
   03CA E5            [11] 1093 	push	hl
   03CB FD 23         [10] 1094 	inc	iy
   03CD FD 23         [10] 1095 	inc	iy
   03CF FD 6E 00      [19] 1096 	ld	l, 0 (iy)
   03D2 FD 66 01      [19] 1097 	ld	h, 1 (iy)
   03D5 E5            [11] 1098 	push	hl
   03D6 FD 23         [10] 1099 	inc	iy
   03D8 FD 23         [10] 1100 	inc	iy
   03DA FD 6E 00      [19] 1101 	ld	l, 0 (iy)
   03DD FD 66 01      [19] 1102 	ld	h, 1 (iy)
   03E0 E5            [11] 1103 	push	hl
   03E1 CDr89r03      [17] 1104 	call	__8BP_setupsp_inv4
   03E4 F1            [10] 1105 	pop	af
   03E5 F1            [10] 1106 	pop	af
   03E6 F1            [10] 1107 	pop	af
   03E7 F1            [10] 1108 	pop	af
                           1109 ;8BP_wrapper/8BP.h:617: }
   03E8 C9            [10] 1110 	ret
                           1111 ;8BP_wrapper/8BP.h:620: void _8BP_stars_inv5(int dx, int dy, int color, int num_stars,int star_ini)
                           1112 ;	---------------------------------
                           1113 ; Function _8BP_stars_inv5
                           1114 ; ---------------------------------
   03E9                    1115 __8BP_stars_inv5::
                           1116 ;8BP_wrapper/8BP.h:631: __endasm;	
   03E9 3E 05         [ 7] 1117 	ld	a, #5
   03EB DD 21 02 00   [14] 1118 	ld	ix,#2 ;posicion primer parametro 
   03EF DD 39         [15] 1119 	add ix,sp;
   03F1 CD A5 6B      [17] 1120 	CALL	STARS
                           1121 ;8BP_wrapper/8BP.h:632: }
   03F4 C9            [10] 1122 	ret
                           1123 ;8BP_wrapper/8BP.h:634: void _8BP_stars_5(int star_ini, int num_stars,int color, int dy, int dx)  
                           1124 ;	---------------------------------
                           1125 ; Function _8BP_stars_5
                           1126 ; ---------------------------------
   03F5                    1127 __8BP_stars_5::
                           1128 ;8BP_wrapper/8BP.h:636: _8BP_stars_inv5(dx, dy, color, num_stars,star_ini);
   03F5 C1            [10] 1129 	pop	bc
   03F6 E1            [10] 1130 	pop	hl
   03F7 E5            [11] 1131 	push	hl
   03F8 C5            [11] 1132 	push	bc
   03F9 E5            [11] 1133 	push	hl
   03FA FD 21 06 00   [14] 1134 	ld	iy, #6
   03FE FD 39         [15] 1135 	add	iy, sp
   0400 FD 6E 00      [19] 1136 	ld	l, 0 (iy)
   0403 FD 66 01      [19] 1137 	ld	h, 1 (iy)
   0406 E5            [11] 1138 	push	hl
   0407 FD 23         [10] 1139 	inc	iy
   0409 FD 23         [10] 1140 	inc	iy
   040B FD 6E 00      [19] 1141 	ld	l, 0 (iy)
   040E FD 66 01      [19] 1142 	ld	h, 1 (iy)
   0411 E5            [11] 1143 	push	hl
   0412 FD 23         [10] 1144 	inc	iy
   0414 FD 23         [10] 1145 	inc	iy
   0416 FD 6E 00      [19] 1146 	ld	l, 0 (iy)
   0419 FD 66 01      [19] 1147 	ld	h, 1 (iy)
   041C E5            [11] 1148 	push	hl
   041D FD 23         [10] 1149 	inc	iy
   041F FD 23         [10] 1150 	inc	iy
   0421 FD 6E 00      [19] 1151 	ld	l, 0 (iy)
   0424 FD 66 01      [19] 1152 	ld	h, 1 (iy)
   0427 E5            [11] 1153 	push	hl
   0428 CDrE9r03      [17] 1154 	call	__8BP_stars_inv5
   042B 21 0A 00      [10] 1155 	ld	hl, #10
   042E 39            [11] 1156 	add	hl, sp
   042F F9            [ 6] 1157 	ld	sp, hl
                           1158 ;8BP_wrapper/8BP.h:637: }	
   0430 C9            [10] 1159 	ret
                           1160 ;8BP_wrapper/8BP.h:639: void _8BP_stars() 
                           1161 ;	---------------------------------
                           1162 ; Function _8BP_stars
                           1163 ; ---------------------------------
   0431                    1164 __8BP_stars::
                           1165 ;8BP_wrapper/8BP.h:644: __endasm;	
   0431 3E 00         [ 7] 1166 	ld	a, #0
   0433 CD A5 6B      [17] 1167 	CALL	STARS
                           1168 ;8BP_wrapper/8BP.h:646: }
   0436 C9            [10] 1169 	ret
                           1170 ;8BP_wrapper/8BP.h:648: void _8BP_layout_inv3(char* descriptor, int x,int y)
                           1171 ;	---------------------------------
                           1172 ; Function _8BP_layout_inv3
                           1173 ; ---------------------------------
   0437                    1174 __8BP_layout_inv3::
                           1175 ;8BP_wrapper/8BP.h:655: __endasm;
   0437 3E 03         [ 7] 1176 	ld	a,#3
   0439 DD 21 02 00   [14] 1177 	ld	ix,#2 ;posicion primer parametro 
   043D DD 39         [15] 1178 	add ix,sp;
   043F CD D5 6B      [17] 1179 	CALL	LAYOUT
                           1180 ;8BP_wrapper/8BP.h:657: }
   0442 C9            [10] 1181 	ret
                           1182 ;8BP_wrapper/8BP.h:659: void _8BP_layout_3(int y, int x, char* cad)
                           1183 ;	---------------------------------
                           1184 ; Function _8BP_layout_3
                           1185 ; ---------------------------------
   0443                    1186 __8BP_layout_3::
   0443 F5            [11] 1187 	push	af
   0444 3B            [ 6] 1188 	dec	sp
                           1189 ;8BP_wrapper/8BP.h:662: char descriptor[3]={0,0,0};
   0445 21 00 00      [10] 1190 	ld	hl, #0
   0448 39            [11] 1191 	add	hl, sp
   0449 EB            [ 4] 1192 	ex	de, hl
   044A AF            [ 4] 1193 	xor	a, a
   044B 12            [ 7] 1194 	ld	(de), a
   044C 4B            [ 4] 1195 	ld	c, e
   044D 42            [ 4] 1196 	ld	b, d
   044E 03            [ 6] 1197 	inc	bc
   044F AF            [ 4] 1198 	xor	a, a
   0450 02            [ 7] 1199 	ld	(bc), a
   0451 6B            [ 4] 1200 	ld	l, e
   0452 62            [ 4] 1201 	ld	h, d
   0453 23            [ 6] 1202 	inc	hl
   0454 23            [ 6] 1203 	inc	hl
   0455 36 00         [10] 1204 	ld	(hl), #0x00
                           1205 ;8BP_wrapper/8BP.h:663: char len=strlen(cad);
   0457 C5            [11] 1206 	push	bc
   0458 21 0B 00      [10] 1207 	ld	hl, #11
   045B 39            [11] 1208 	add	hl, sp
   045C 4E            [ 7] 1209 	ld	c, (hl)
   045D 23            [ 6] 1210 	inc	hl
   045E 46            [ 7] 1211 	ld	b, (hl)
   045F C5            [11] 1212 	push	bc
   0460 CDr00r00      [17] 1213 	call	_strlen
   0463 F1            [10] 1214 	pop	af
   0464 C1            [10] 1215 	pop	bc
   0465 7D            [ 4] 1216 	ld	a, l
                           1217 ;8BP_wrapper/8BP.h:664: descriptor[0]=len;
   0466 12            [ 7] 1218 	ld	(de), a
                           1219 ;8BP_wrapper/8BP.h:666: p=descriptor+1;
   0467 69            [ 4] 1220 	ld	l, c
   0468 60            [ 4] 1221 	ld	h, b
                           1222 ;8BP_wrapper/8BP.h:667: *p=cad;  
   0469 FD 21 09 00   [14] 1223 	ld	iy, #9
   046D FD 39         [15] 1224 	add	iy, sp
   046F FD 4E 00      [19] 1225 	ld	c, 0 (iy)
   0472 FD 7E 01      [19] 1226 	ld	a, 1 (iy)
   0475 71            [ 7] 1227 	ld	(hl), c
   0476 23            [ 6] 1228 	inc	hl
   0477 77            [ 7] 1229 	ld	(hl), a
                           1230 ;8BP_wrapper/8BP.h:669: _8BP_layout_inv3(descriptor, x,  y );
   0478 FD 21 05 00   [14] 1231 	ld	iy, #5
   047C FD 39         [15] 1232 	add	iy, sp
   047E FD 6E 00      [19] 1233 	ld	l, 0 (iy)
   0481 FD 66 01      [19] 1234 	ld	h, 1 (iy)
   0484 E5            [11] 1235 	push	hl
   0485 FD 23         [10] 1236 	inc	iy
   0487 FD 23         [10] 1237 	inc	iy
   0489 FD 6E 00      [19] 1238 	ld	l, 0 (iy)
   048C FD 66 01      [19] 1239 	ld	h, 1 (iy)
   048F E5            [11] 1240 	push	hl
   0490 D5            [11] 1241 	push	de
   0491 CDr37r04      [17] 1242 	call	__8BP_layout_inv3
   0494 F1            [10] 1243 	pop	af
   0495 F1            [10] 1244 	pop	af
   0496 F1            [10] 1245 	pop	af
                           1246 ;8BP_wrapper/8BP.h:671: }
   0497 F1            [10] 1247 	pop	af
   0498 33            [ 6] 1248 	inc	sp
   0499 C9            [10] 1249 	ret
                           1250 ;8BP_wrapper/8BP.h:673: void _8BP_map2sp_inv2(int x, int y)
                           1251 ;	---------------------------------
                           1252 ; Function _8BP_map2sp_inv2
                           1253 ; ---------------------------------
   049A                    1254 __8BP_map2sp_inv2::
                           1255 ;8BP_wrapper/8BP.h:680: __endasm;	
   049A 3E 02         [ 7] 1256 	ld	a,#2
   049C DD 21 02 00   [14] 1257 	ld	ix,#2 ;posicion primer parametro 
   04A0 DD 39         [15] 1258 	add ix,sp;
   04A2 CD A2 6B      [17] 1259 	CALL	MAP2SP
                           1260 ;8BP_wrapper/8BP.h:681: }
   04A5 C9            [10] 1261 	ret
                           1262 ;8BP_wrapper/8BP.h:682: void _8BP_map2sp_2(int y, int x)
                           1263 ;	---------------------------------
                           1264 ; Function _8BP_map2sp_2
                           1265 ; ---------------------------------
   04A6                    1266 __8BP_map2sp_2::
                           1267 ;8BP_wrapper/8BP.h:685: _8BP_map2sp_inv2(x,y);
   04A6 C1            [10] 1268 	pop	bc
   04A7 E1            [10] 1269 	pop	hl
   04A8 E5            [11] 1270 	push	hl
   04A9 C5            [11] 1271 	push	bc
   04AA E5            [11] 1272 	push	hl
   04AB 21 06 00      [10] 1273 	ld	hl, #6
   04AE 39            [11] 1274 	add	hl, sp
   04AF 4E            [ 7] 1275 	ld	c, (hl)
   04B0 23            [ 6] 1276 	inc	hl
   04B1 46            [ 7] 1277 	ld	b, (hl)
   04B2 C5            [11] 1278 	push	bc
   04B3 CDr9Ar04      [17] 1279 	call	__8BP_map2sp_inv2
   04B6 F1            [10] 1280 	pop	af
   04B7 F1            [10] 1281 	pop	af
                           1282 ;8BP_wrapper/8BP.h:686: }
   04B8 C9            [10] 1283 	ret
                           1284 ;8BP_wrapper/8BP.h:688: void _8BP_map2sp_1(unsigned char status)
                           1285 ;	---------------------------------
                           1286 ; Function _8BP_map2sp_1
                           1287 ; ---------------------------------
   04B9                    1288 __8BP_map2sp_1::
                           1289 ;8BP_wrapper/8BP.h:695: __endasm;	
   04B9 3E 01         [ 7] 1290 	ld	a,#1
   04BB DD 21 02 00   [14] 1291 	ld	ix,#2 ;posicion primer parametro 
   04BF DD 39         [15] 1292 	add ix,sp;
   04C1 CD A2 6B      [17] 1293 	CALL	MAP2SP
                           1294 ;8BP_wrapper/8BP.h:697: }
   04C4 C9            [10] 1295 	ret
                           1296 ;8BP_wrapper/8BP.h:699: void _8BP_mover_inv3(int dx,int dy,int sp)
                           1297 ;	---------------------------------
                           1298 ; Function _8BP_mover_inv3
                           1299 ; ---------------------------------
   04C5                    1300 __8BP_mover_inv3::
                           1301 ;8BP_wrapper/8BP.h:706: __endasm;	
   04C5 3E 03         [ 7] 1302 	ld	a,#3
   04C7 DD 21 02 00   [14] 1303 	ld	ix,#2 ;posicion primer parametro 
   04CB DD 39         [15] 1304 	add ix,sp;
   04CD CD C0 6B      [17] 1305 	CALL	MOVER
                           1306 ;8BP_wrapper/8BP.h:708: }
   04D0 C9            [10] 1307 	ret
                           1308 ;8BP_wrapper/8BP.h:709: void _8BP_mover_3(int sp, int dy,int dx)
                           1309 ;	---------------------------------
                           1310 ; Function _8BP_mover_3
                           1311 ; ---------------------------------
   04D1                    1312 __8BP_mover_3::
                           1313 ;8BP_wrapper/8BP.h:711: _8BP_mover_inv3(dx,dy,sp);
   04D1 C1            [10] 1314 	pop	bc
   04D2 E1            [10] 1315 	pop	hl
   04D3 E5            [11] 1316 	push	hl
   04D4 C5            [11] 1317 	push	bc
   04D5 E5            [11] 1318 	push	hl
   04D6 FD 21 06 00   [14] 1319 	ld	iy, #6
   04DA FD 39         [15] 1320 	add	iy, sp
   04DC FD 6E 00      [19] 1321 	ld	l, 0 (iy)
   04DF FD 66 01      [19] 1322 	ld	h, 1 (iy)
   04E2 E5            [11] 1323 	push	hl
   04E3 FD 23         [10] 1324 	inc	iy
   04E5 FD 23         [10] 1325 	inc	iy
   04E7 FD 6E 00      [19] 1326 	ld	l, 0 (iy)
   04EA FD 66 01      [19] 1327 	ld	h, 1 (iy)
   04ED E5            [11] 1328 	push	hl
   04EE CDrC5r04      [17] 1329 	call	__8BP_mover_inv3
   04F1 F1            [10] 1330 	pop	af
   04F2 F1            [10] 1331 	pop	af
   04F3 F1            [10] 1332 	pop	af
                           1333 ;8BP_wrapper/8BP.h:712: }
   04F4 C9            [10] 1334 	ret
                           1335 ;8BP_wrapper/8BP.h:713: void _8BP_mover_1(int sp)
                           1336 ;	---------------------------------
                           1337 ; Function _8BP_mover_1
                           1338 ; ---------------------------------
   04F5                    1339 __8BP_mover_1::
                           1340 ;8BP_wrapper/8BP.h:720: __endasm;	
   04F5 3E 01         [ 7] 1341 	ld	a,#1
   04F7 DD 21 02 00   [14] 1342 	ld	ix,#2 ;posicion primer parametro 
   04FB DD 39         [15] 1343 	add ix,sp;
   04FD CD C0 6B      [17] 1344 	CALL	MOVER
                           1345 ;8BP_wrapper/8BP.h:723: }
   0500 C9            [10] 1346 	ret
                           1347 ;8BP_wrapper/8BP.h:724: void _8BP_moverall_inv2(int dx, int dy)
                           1348 ;	---------------------------------
                           1349 ; Function _8BP_moverall_inv2
                           1350 ; ---------------------------------
   0501                    1351 __8BP_moverall_inv2::
                           1352 ;8BP_wrapper/8BP.h:731: __endasm;	
   0501 3E 02         [ 7] 1353 	ld	a,#2
   0503 DD 21 02 00   [14] 1354 	ld	ix,#2 ;posicion primer parametro 
   0507 DD 39         [15] 1355 	add ix,sp;
   0509 CD 9F 6B      [17] 1356 	CALL	MOVERALL
                           1357 ;8BP_wrapper/8BP.h:733: }
   050C C9            [10] 1358 	ret
                           1359 ;8BP_wrapper/8BP.h:734: void _8BP_moverall_2(int dy, int dx)
                           1360 ;	---------------------------------
                           1361 ; Function _8BP_moverall_2
                           1362 ; ---------------------------------
   050D                    1363 __8BP_moverall_2::
                           1364 ;8BP_wrapper/8BP.h:736: _8BP_moverall_inv2(dx,dy);
   050D C1            [10] 1365 	pop	bc
   050E E1            [10] 1366 	pop	hl
   050F E5            [11] 1367 	push	hl
   0510 C5            [11] 1368 	push	bc
   0511 E5            [11] 1369 	push	hl
   0512 21 06 00      [10] 1370 	ld	hl, #6
   0515 39            [11] 1371 	add	hl, sp
   0516 4E            [ 7] 1372 	ld	c, (hl)
   0517 23            [ 6] 1373 	inc	hl
   0518 46            [ 7] 1374 	ld	b, (hl)
   0519 C5            [11] 1375 	push	bc
   051A CDr01r05      [17] 1376 	call	__8BP_moverall_inv2
   051D F1            [10] 1377 	pop	af
   051E F1            [10] 1378 	pop	af
                           1379 ;8BP_wrapper/8BP.h:737: }
   051F C9            [10] 1380 	ret
                           1381 ;8BP_wrapper/8BP.h:739: void _8BP_moverall()
                           1382 ;	---------------------------------
                           1383 ; Function _8BP_moverall
                           1384 ; ---------------------------------
   0520                    1385 __8BP_moverall::
                           1386 ;8BP_wrapper/8BP.h:744: __endasm;	
   0520 3E 00         [ 7] 1387 	ld	a,#0
   0522 CD 9F 6B      [17] 1388 	CALL	MOVERALL
                           1389 ;8BP_wrapper/8BP.h:746: }
   0525 C9            [10] 1390 	ret
                           1391 ;8BP_wrapper/8BP.h:748: void _8BP_peek_2(int address, int* dato)
                           1392 ;	---------------------------------
                           1393 ; Function _8BP_peek_2
                           1394 ; ---------------------------------
   0526                    1395 __8BP_peek_2::
                           1396 ;8BP_wrapper/8BP.h:751: p=(int *)address;	
   0526 C1            [10] 1397 	pop	bc
   0527 E1            [10] 1398 	pop	hl
   0528 E5            [11] 1399 	push	hl
   0529 C5            [11] 1400 	push	bc
                           1401 ;8BP_wrapper/8BP.h:752: *dato=*p; //mas facil imposible
   052A FD 21 04 00   [14] 1402 	ld	iy, #4
   052E FD 39         [15] 1403 	add	iy, sp
   0530 FD 4E 00      [19] 1404 	ld	c, 0 (iy)
   0533 FD 46 01      [19] 1405 	ld	b, 1 (iy)
   0536 5E            [ 7] 1406 	ld	e, (hl)
   0537 23            [ 6] 1407 	inc	hl
   0538 56            [ 7] 1408 	ld	d, (hl)
   0539 7B            [ 4] 1409 	ld	a, e
   053A 02            [ 7] 1410 	ld	(bc), a
   053B 03            [ 6] 1411 	inc	bc
   053C 7A            [ 4] 1412 	ld	a, d
   053D 02            [ 7] 1413 	ld	(bc), a
                           1414 ;8BP_wrapper/8BP.h:753: }
   053E C9            [10] 1415 	ret
                           1416 ;8BP_wrapper/8BP.h:755: void _8BP_poke_2(int address,int dato)
                           1417 ;	---------------------------------
                           1418 ; Function _8BP_poke_2
                           1419 ; ---------------------------------
   053F                    1420 __8BP_poke_2::
                           1421 ;8BP_wrapper/8BP.h:758: p=(int *)address;
   053F D1            [10] 1422 	pop	de
   0540 C1            [10] 1423 	pop	bc
   0541 C5            [11] 1424 	push	bc
   0542 D5            [11] 1425 	push	de
                           1426 ;8BP_wrapper/8BP.h:759: *p=dato; //mas facil imposible
   0543 FD 21 04 00   [14] 1427 	ld	iy, #4
   0547 FD 39         [15] 1428 	add	iy, sp
   0549 FD 7E 00      [19] 1429 	ld	a, 0 (iy)
   054C 02            [ 7] 1430 	ld	(bc), a
   054D 03            [ 6] 1431 	inc	bc
   054E FD 7E 01      [19] 1432 	ld	a, 1 (iy)
   0551 02            [ 7] 1433 	ld	(bc), a
                           1434 ;8BP_wrapper/8BP.h:760: }
   0552 C9            [10] 1435 	ret
                           1436 ;8BP_wrapper/8BP.h:763: void _8BP_rink_1(int step)
                           1437 ;	---------------------------------
                           1438 ; Function _8BP_rink_1
                           1439 ; ---------------------------------
   0553                    1440 __8BP_rink_1::
                           1441 ;8BP_wrapper/8BP.h:770: __endasm;	
   0553 3E 01         [ 7] 1442 	ld	a,#1
   0555 DD 21 02 00   [14] 1443 	ld	ix,#2 ;posicion primer parametro 
   0559 DD 39         [15] 1444 	add ix,sp;
   055B CD BD 6B      [17] 1445 	CALL	RINK
                           1446 ;8BP_wrapper/8BP.h:771: }
   055E C9            [10] 1447 	ret
                           1448 ;8BP_wrapper/8BP.h:775: void _8BP_rink_N(int num_params,int* ink_list)
                           1449 ;	---------------------------------
                           1450 ; Function _8BP_rink_N
                           1451 ; ---------------------------------
   055F                    1452 __8BP_rink_N::
   055F F5            [11] 1453 	push	af
                           1454 ;8BP_wrapper/8BP.h:781: _8BP_rink_N_color1=num_params;
   0560 FD 21 04 00   [14] 1455 	ld	iy, #4
   0564 FD 39         [15] 1456 	add	iy, sp
   0566 FD 7E 00      [19] 1457 	ld	a, 0 (iy)
   0569 32r00r00      [13] 1458 	ld	(__8BP_rink_N_color1+0), a
                           1459 ;8BP_wrapper/8BP.h:784: for (i=0;i<num_params;i++)
   056C 01 00 00      [10] 1460 	ld	bc, #0x0000
   056F                    1461 00103$:
   056F 21 04 00      [10] 1462 	ld	hl, #4
   0572 39            [11] 1463 	add	hl, sp
   0573 79            [ 4] 1464 	ld	a, c
   0574 96            [ 7] 1465 	sub	a, (hl)
   0575 78            [ 4] 1466 	ld	a, b
   0576 23            [ 6] 1467 	inc	hl
   0577 9E            [ 7] 1468 	sbc	a, (hl)
   0578 E2r7Dr05      [10] 1469 	jp	PO, 00118$
   057B EE 80         [ 7] 1470 	xor	a, #0x80
   057D                    1471 00118$:
   057D F2rB4r05      [10] 1472 	jp	P, 00101$
                           1473 ;8BP_wrapper/8BP.h:785: _8BP_rink_N_inverse_list[i]=ink_list[num_params-i-1];
   0580 69            [ 4] 1474 	ld	l, c
   0581 60            [ 4] 1475 	ld	h, b
   0582 29            [11] 1476 	add	hl, hl
   0583 11r01r00      [10] 1477 	ld	de, #__8BP_rink_N_inverse_list
   0586 19            [11] 1478 	add	hl, de
   0587 E3            [19] 1479 	ex	(sp), hl
   0588 FD 21 04 00   [14] 1480 	ld	iy, #4
   058C FD 39         [15] 1481 	add	iy, sp
   058E FD 7E 00      [19] 1482 	ld	a, 0 (iy)
   0591 91            [ 4] 1483 	sub	a, c
   0592 5F            [ 4] 1484 	ld	e, a
   0593 FD 7E 01      [19] 1485 	ld	a, 1 (iy)
   0596 98            [ 4] 1486 	sbc	a, b
   0597 57            [ 4] 1487 	ld	d, a
   0598 1B            [ 6] 1488 	dec	de
   0599 CB 23         [ 8] 1489 	sla	e
   059B CB 12         [ 8] 1490 	rl	d
   059D 7B            [ 4] 1491 	ld	a, e
   059E 21 06 00      [10] 1492 	ld	hl, #6
   05A1 39            [11] 1493 	add	hl, sp
   05A2 86            [ 7] 1494 	add	a, (hl)
   05A3 5F            [ 4] 1495 	ld	e, a
   05A4 7A            [ 4] 1496 	ld	a, d
   05A5 23            [ 6] 1497 	inc	hl
   05A6 8E            [ 7] 1498 	adc	a, (hl)
   05A7 57            [ 4] 1499 	ld	d, a
   05A8 EB            [ 4] 1500 	ex	de,hl
   05A9 5E            [ 7] 1501 	ld	e, (hl)
   05AA 23            [ 6] 1502 	inc	hl
   05AB 56            [ 7] 1503 	ld	d, (hl)
   05AC E1            [10] 1504 	pop	hl
   05AD E5            [11] 1505 	push	hl
   05AE 73            [ 7] 1506 	ld	(hl), e
   05AF 23            [ 6] 1507 	inc	hl
   05B0 72            [ 7] 1508 	ld	(hl), d
                           1509 ;8BP_wrapper/8BP.h:784: for (i=0;i<num_params;i++)
   05B1 03            [ 6] 1510 	inc	bc
   05B2 18 BB         [12] 1511 	jr	00103$
   05B4                    1512 00101$:
                           1513 ;8BP_wrapper/8BP.h:794: __endasm;	
   05B4 21r00r00      [10] 1514 	ld	hl, #__8BP_rink_N_color1;
   05B7 7E            [ 7] 1515 	ld	a,(hl)
   05B8 DD 21r01r00   [14] 1516 	ld	ix, #__8BP_rink_N_inverse_list;
   05BC CD BD 6B      [17] 1517 	CALL	RINK
                           1518 ;8BP_wrapper/8BP.h:795: }
   05BF F1            [10] 1519 	pop	af
   05C0 C9            [10] 1520 	ret
                           1521 ;8BP_wrapper/8BP.h:797: void _8BP_umap_inv6(int x_fin,int x_ini, int y_fin, int y_ini, int map_fin, int map_ini)
                           1522 ;	---------------------------------
                           1523 ; Function _8BP_umap_inv6
                           1524 ; ---------------------------------
   05C1                    1525 __8BP_umap_inv6::
                           1526 ;8BP_wrapper/8BP.h:804: __endasm;	
   05C1 3E 06         [ 7] 1527 	ld	a,#6
   05C3 DD 21 02 00   [14] 1528 	ld	ix,#2 ;posicion primer parametro 
   05C7 DD 39         [15] 1529 	add ix,sp;
   05C9 CD CF 6B      [17] 1530 	CALL	UMAP
                           1531 ;8BP_wrapper/8BP.h:807: }
   05CC C9            [10] 1532 	ret
                           1533 ;8BP_wrapper/8BP.h:809: void _8BP_umap_6(int map_ini, int map_fin, int y_ini, int y_fin, int x_ini, int x_fin)
                           1534 ;	---------------------------------
                           1535 ; Function _8BP_umap_6
                           1536 ; ---------------------------------
   05CD                    1537 __8BP_umap_6::
                           1538 ;8BP_wrapper/8BP.h:811: _8BP_umap_inv6(x_fin,x_ini,y_fin,y_ini, map_fin, map_ini);
   05CD C1            [10] 1539 	pop	bc
   05CE E1            [10] 1540 	pop	hl
   05CF E5            [11] 1541 	push	hl
   05D0 C5            [11] 1542 	push	bc
   05D1 E5            [11] 1543 	push	hl
   05D2 FD 21 06 00   [14] 1544 	ld	iy, #6
   05D6 FD 39         [15] 1545 	add	iy, sp
   05D8 FD 6E 00      [19] 1546 	ld	l, 0 (iy)
   05DB FD 66 01      [19] 1547 	ld	h, 1 (iy)
   05DE E5            [11] 1548 	push	hl
   05DF FD 23         [10] 1549 	inc	iy
   05E1 FD 23         [10] 1550 	inc	iy
   05E3 FD 6E 00      [19] 1551 	ld	l, 0 (iy)
   05E6 FD 66 01      [19] 1552 	ld	h, 1 (iy)
   05E9 E5            [11] 1553 	push	hl
   05EA FD 23         [10] 1554 	inc	iy
   05EC FD 23         [10] 1555 	inc	iy
   05EE FD 6E 00      [19] 1556 	ld	l, 0 (iy)
   05F1 FD 66 01      [19] 1557 	ld	h, 1 (iy)
   05F4 E5            [11] 1558 	push	hl
   05F5 FD 23         [10] 1559 	inc	iy
   05F7 FD 23         [10] 1560 	inc	iy
   05F9 FD 6E 00      [19] 1561 	ld	l, 0 (iy)
   05FC FD 66 01      [19] 1562 	ld	h, 1 (iy)
   05FF E5            [11] 1563 	push	hl
   0600 FD 23         [10] 1564 	inc	iy
   0602 FD 23         [10] 1565 	inc	iy
   0604 FD 6E 00      [19] 1566 	ld	l, 0 (iy)
   0607 FD 66 01      [19] 1567 	ld	h, 1 (iy)
   060A E5            [11] 1568 	push	hl
   060B CDrC1r05      [17] 1569 	call	__8BP_umap_inv6
   060E 21 0C 00      [10] 1570 	ld	hl, #12
   0611 39            [11] 1571 	add	hl, sp
   0612 F9            [ 6] 1572 	ld	sp, hl
                           1573 ;8BP_wrapper/8BP.h:813: }
   0613 C9            [10] 1574 	ret
                           1575 ;mini_BASIC/minibasic.h:55: unsigned int _basic_time()
                           1576 ;	---------------------------------
                           1577 ; Function _basic_time
                           1578 ; ---------------------------------
   0614                    1579 __basic_time::
                           1580 ;mini_BASIC/minibasic.h:60: __endasm;
   0614 CD 0D BD      [17] 1581 	call	0xbd0d
   0617 C9            [10] 1582 	ret
                           1583 ;mini_BASIC/minibasic.h:62: return 0;
   0618 21 00 00      [10] 1584 	ld	hl, #0x0000
                           1585 ;mini_BASIC/minibasic.h:64: }
   061B C9            [10] 1586 	ret
                           1587 ;mini_BASIC/minibasic.h:67: unsigned int _basic_rnd(int max)
                           1588 ;	---------------------------------
                           1589 ; Function _basic_rnd
                           1590 ; ---------------------------------
   061C                    1591 __basic_rnd::
                           1592 ;mini_BASIC/minibasic.h:80: __endasm;
   061C CD 0D BD      [17] 1593 	call	0xbd0d
   061F 44            [ 4] 1594 	ld	b,h
   0620 4D            [ 4] 1595 	ld	c, l
   0621 21r00r00      [10] 1596 	ld	hl,#__basic_rnd_x; con el # es direccion, el _ es imprescindible en cualquier caso
   0624 71            [ 7] 1597 	ld	(hl),c
   0625 23            [ 6] 1598 	inc	hl
   0626 70            [ 7] 1599 	ld	(hl),b
                           1600 ;mini_BASIC/minibasic.h:82: return _basic_rnd_x % max;	
   0627 D1            [10] 1601 	pop	de
   0628 C1            [10] 1602 	pop	bc
   0629 C5            [11] 1603 	push	bc
   062A D5            [11] 1604 	push	de
   062B C5            [11] 1605 	push	bc
   062C 2Ar00r00      [16] 1606 	ld	hl, (__basic_rnd_x)
   062F E5            [11] 1607 	push	hl
   0630 CDr00r00      [17] 1608 	call	__moduint
   0633 F1            [10] 1609 	pop	af
   0634 F1            [10] 1610 	pop	af
                           1611 ;mini_BASIC/minibasic.h:86: }
   0635 C9            [10] 1612 	ret
                           1613 ;mini_BASIC/minibasic.h:88: void _basic_border(char color) 
                           1614 ;	---------------------------------
                           1615 ; Function _basic_border
                           1616 ; ---------------------------------
   0636                    1617 __basic_border::
                           1618 ;mini_BASIC/minibasic.h:101: __endasm;	
                           1619 ;	recoge primer parametro
                           1620 ;------------------------
   0636 DD 21 02 00   [14] 1621 	ld	ix,#2; posicion primer parametro 
   063A DD 39         [15] 1622 	add ix,sp;
   063C DD 7E 00      [19] 1623 	ld	a,(ix)
   063F 47            [ 4] 1624 	ld	b, a
   0640 4F            [ 4] 1625 	ld	c, a
   0641 CD 38 BC      [17] 1626 	call	0xbc38
                           1627 ;mini_BASIC/minibasic.h:102: }
   0644 C9            [10] 1628 	ret
                           1629 ;mini_BASIC/minibasic.h:106: void DisplayChar( char c )
                           1630 ;	---------------------------------
                           1631 ; Function DisplayChar
                           1632 ; ---------------------------------
   0645                    1633 _DisplayChar::
                           1634 ;mini_BASIC/minibasic.h:118: __endasm;
   0645 21 02 00      [10] 1635 	ld	hl,#2; recoge primer parametro
   0648 39            [11] 1636 	add	hl,sp
   0649 7E            [ 7] 1637 	ld	a,(hl)
   064A CD 5A BB      [17] 1638 	call	0xbb5a
                           1639 ;mini_BASIC/minibasic.h:119: }
   064D C9            [10] 1640 	ret
                           1641 ;mini_BASIC/minibasic.h:122: void _basic_print(char *cad)
                           1642 ;	---------------------------------
                           1643 ; Function _basic_print
                           1644 ; ---------------------------------
   064E                    1645 __basic_print::
                           1646 ;mini_BASIC/minibasic.h:125: textPtr=cad;
   064E D1            [10] 1647 	pop	de
   064F C1            [10] 1648 	pop	bc
   0650 C5            [11] 1649 	push	bc
   0651 D5            [11] 1650 	push	de
                           1651 ;mini_BASIC/minibasic.h:127: while( *textPtr != 0 )
   0652                    1652 00101$:
   0652 0A            [ 7] 1653 	ld	a, (bc)
   0653 B7            [ 4] 1654 	or	a, a
   0654 C8            [11] 1655 	ret	Z
                           1656 ;mini_BASIC/minibasic.h:129: DisplayChar( *textPtr);
   0655 C5            [11] 1657 	push	bc
   0656 F5            [11] 1658 	push	af
   0657 33            [ 6] 1659 	inc	sp
   0658 CDr45r06      [17] 1660 	call	_DisplayChar
   065B 33            [ 6] 1661 	inc	sp
   065C C1            [10] 1662 	pop	bc
                           1663 ;mini_BASIC/minibasic.h:130: textPtr++;
   065D 03            [ 6] 1664 	inc	bc
                           1665 ;mini_BASIC/minibasic.h:132: } 
   065E 18 F2         [12] 1666 	jr	00101$
                           1667 ;mini_BASIC/minibasic.h:134: char _basic_inkey(char key) __naked 
                           1668 ;	---------------------------------
                           1669 ; Function _basic_inkey
                           1670 ; ---------------------------------
   0660                    1671 __basic_inkey::
                           1672 ;mini_BASIC/minibasic.h:153: __endasm;
   0660 DD 21 02 00   [14] 1673 	ld	ix,#2; posicion primer parametro 
   0664 DD 39         [15] 1674 	add ix,sp;
   0666 DD 7E 00      [19] 1675 	ld	a, (ix)
   0669 CD 1E BB      [17] 1676 	CALL	0xBB1E
   066C 20 03         [12] 1677 	jr	nz, pressed
   066E 2E 01         [ 7] 1678 	ld	l,#1
   0670 C9            [10] 1679 	ret
   0671                    1680 	  pressed:
   0671 2E 00         [ 7] 1681 	ld	l,#0
   0673 C9            [10] 1682 	ret
                           1683 ;mini_BASIC/minibasic.h:155: return 0;
   0674 2E 00         [ 7] 1684 	ld	l, #0x00
                           1685 ;mini_BASIC/minibasic.h:158: }
                           1686 ;mini_BASIC/minibasic.h:166: char* reverse(char *buffer, int i, int j)
                           1687 ;	---------------------------------
                           1688 ; Function reverse
                           1689 ; ---------------------------------
   0676                    1690 _reverse::
   0676 F5            [11] 1691 	push	af
   0677 F5            [11] 1692 	push	af
   0678 3B            [ 6] 1693 	dec	sp
                           1694 ;mini_BASIC/minibasic.h:168: while (i < j)
   0679 FD 21 0B 00   [14] 1695 	ld	iy, #11
   067D FD 39         [15] 1696 	add	iy, sp
   067F FD 4E 00      [19] 1697 	ld	c, 0 (iy)
   0682 FD 46 01      [19] 1698 	ld	b, 1 (iy)
   0685 FD 2B         [10] 1699 	dec	iy
   0687 FD 2B         [10] 1700 	dec	iy
   0689 FD 7E 00      [19] 1701 	ld	a, 0 (iy)
   068C FD 21 03 00   [14] 1702 	ld	iy, #3
   0690 FD 39         [15] 1703 	add	iy, sp
   0692 FD 77 00      [19] 1704 	ld	0 (iy), a
   0695 21 0A 00      [10] 1705 	ld	hl, #9+1
   0698 39            [11] 1706 	add	hl, sp
   0699 7E            [ 7] 1707 	ld	a, (hl)
   069A FD 21 03 00   [14] 1708 	ld	iy, #3
   069E FD 39         [15] 1709 	add	iy, sp
   06A0 FD 77 01      [19] 1710 	ld	1 (iy), a
   06A3                    1711 00101$:
   06A3 FD 21 03 00   [14] 1712 	ld	iy, #3
   06A7 FD 39         [15] 1713 	add	iy, sp
   06A9 FD 7E 00      [19] 1714 	ld	a, 0 (iy)
   06AC 91            [ 4] 1715 	sub	a, c
   06AD FD 7E 01      [19] 1716 	ld	a, 1 (iy)
   06B0 98            [ 4] 1717 	sbc	a, b
   06B1 E2rB6r06      [10] 1718 	jp	PO, 00118$
   06B4 EE 80         [ 7] 1719 	xor	a, #0x80
   06B6                    1720 00118$:
   06B6 F2rFCr06      [10] 1721 	jp	P, 00103$
                           1722 ;mini_BASIC/minibasic.h:169: swap(&buffer[i++], &buffer[j--]);
   06B9 FD 21 07 00   [14] 1723 	ld	iy, #7
   06BD FD 39         [15] 1724 	add	iy, sp
   06BF FD 7E 00      [19] 1725 	ld	a, 0 (iy)
   06C2 81            [ 4] 1726 	add	a, c
   06C3 5F            [ 4] 1727 	ld	e, a
   06C4 FD 7E 01      [19] 1728 	ld	a, 1 (iy)
   06C7 88            [ 4] 1729 	adc	a, b
   06C8 57            [ 4] 1730 	ld	d, a
   06C9 0B            [ 6] 1731 	dec	bc
   06CA 33            [ 6] 1732 	inc	sp
   06CB 33            [ 6] 1733 	inc	sp
   06CC D5            [11] 1734 	push	de
   06CD 21 03 00      [10] 1735 	ld	hl, #3
   06D0 39            [11] 1736 	add	hl, sp
   06D1 FD 7E 00      [19] 1737 	ld	a, 0 (iy)
   06D4 86            [ 7] 1738 	add	a, (hl)
   06D5 5F            [ 4] 1739 	ld	e, a
   06D6 FD 7E 01      [19] 1740 	ld	a, 1 (iy)
   06D9 23            [ 6] 1741 	inc	hl
   06DA 8E            [ 7] 1742 	adc	a, (hl)
   06DB 57            [ 4] 1743 	ld	d, a
   06DC FD 21 03 00   [14] 1744 	ld	iy, #3
   06E0 FD 39         [15] 1745 	add	iy, sp
   06E2 FD 34 00      [23] 1746 	inc	0 (iy)
   06E5 20 03         [12] 1747 	jr	NZ,00119$
   06E7 FD 34 01      [23] 1748 	inc	1 (iy)
   06EA                    1749 00119$:
                           1750 ;mini_BASIC/minibasic.h:162: char t = *x; *x = *y; *y = t;
   06EA 1A            [ 7] 1751 	ld	a, (de)
   06EB FD 2B         [10] 1752 	dec	iy
   06ED FD 77 00      [19] 1753 	ld	0 (iy), a
   06F0 E1            [10] 1754 	pop	hl
   06F1 E5            [11] 1755 	push	hl
   06F2 7E            [ 7] 1756 	ld	a, (hl)
   06F3 12            [ 7] 1757 	ld	(de), a
   06F4 E1            [10] 1758 	pop	hl
   06F5 E5            [11] 1759 	push	hl
   06F6 FD 7E 00      [19] 1760 	ld	a, 0 (iy)
   06F9 77            [ 7] 1761 	ld	(hl), a
                           1762 ;mini_BASIC/minibasic.h:169: swap(&buffer[i++], &buffer[j--]);
   06FA 18 A7         [12] 1763 	jr	00101$
   06FC                    1764 00103$:
                           1765 ;mini_BASIC/minibasic.h:171: return buffer;
   06FC 21 07 00      [10] 1766 	ld	hl, #7
   06FF 39            [11] 1767 	add	hl, sp
   0700 7E            [ 7] 1768 	ld	a, (hl)
   0701 23            [ 6] 1769 	inc	hl
   0702 66            [ 7] 1770 	ld	h, (hl)
   0703 6F            [ 4] 1771 	ld	l, a
                           1772 ;mini_BASIC/minibasic.h:172: }
   0704 F1            [10] 1773 	pop	af
   0705 F1            [10] 1774 	pop	af
   0706 33            [ 6] 1775 	inc	sp
   0707 C9            [10] 1776 	ret
                           1777 ;mini_BASIC/minibasic.h:174: char* _basic_str(int value) 
                           1778 ;	---------------------------------
                           1779 ; Function _basic_str
                           1780 ; ---------------------------------
   0708                    1781 __basic_str::
   0708 F5            [11] 1782 	push	af
   0709 F5            [11] 1783 	push	af
                           1784 ;mini_BASIC/minibasic.h:179: int n = abs(value);
   070A 21 06 00      [10] 1785 	ld	hl, #6
   070D 39            [11] 1786 	add	hl, sp
   070E 4E            [ 7] 1787 	ld	c, (hl)
   070F 23            [ 6] 1788 	inc	hl
   0710 46            [ 7] 1789 	ld	b, (hl)
   0711 C5            [11] 1790 	push	bc
   0712 CDr00r00      [17] 1791 	call	_abs
   0715 F1            [10] 1792 	pop	af
   0716 4D            [ 4] 1793 	ld	c, l
   0717 44            [ 4] 1794 	ld	b, h
                           1795 ;mini_BASIC/minibasic.h:182: while (n)
   0718 11 00 00      [10] 1796 	ld	de, #0x0000
   071B                    1797 00101$:
                           1798 ;mini_BASIC/minibasic.h:186: buffer[i++] = 48 + r ;
   071B 21 01 00      [10] 1799 	ld	hl, #0x0001
   071E 19            [11] 1800 	add	hl, de
   071F E3            [19] 1801 	ex	(sp), hl
   0720 21r23r00      [10] 1802 	ld	hl, #__basic_str_buffer_65536_273
   0723 19            [11] 1803 	add	hl, de
                           1804 ;mini_BASIC/minibasic.h:182: while (n)
   0724 78            [ 4] 1805 	ld	a, b
   0725 B1            [ 4] 1806 	or	a, c
   0726 28 33         [12] 1807 	jr	Z,00114$
                           1808 ;mini_BASIC/minibasic.h:184: int r = n % 10;
   0728 E5            [11] 1809 	push	hl
   0729 C5            [11] 1810 	push	bc
   072A 11 0A 00      [10] 1811 	ld	de, #0x000a
   072D D5            [11] 1812 	push	de
   072E C5            [11] 1813 	push	bc
   072F CDr00r00      [17] 1814 	call	__modsint
   0732 F1            [10] 1815 	pop	af
   0733 F1            [10] 1816 	pop	af
   0734 EB            [ 4] 1817 	ex	de,hl
   0735 C1            [10] 1818 	pop	bc
   0736 E1            [10] 1819 	pop	hl
   0737 FD 21 02 00   [14] 1820 	ld	iy, #2
   073B FD 39         [15] 1821 	add	iy, sp
   073D FD 73 00      [19] 1822 	ld	0 (iy), e
   0740 FD 72 01      [19] 1823 	ld	1 (iy), d
                           1824 ;mini_BASIC/minibasic.h:186: buffer[i++] = 48 + r ;
   0743 D1            [10] 1825 	pop	de
   0744 D5            [11] 1826 	push	de
   0745 FD 7E 00      [19] 1827 	ld	a, 0 (iy)
   0748 C6 30         [ 7] 1828 	add	a, #0x30
   074A 77            [ 7] 1829 	ld	(hl), a
                           1830 ;mini_BASIC/minibasic.h:188: n = n / 10;
   074B D5            [11] 1831 	push	de
   074C 21 0A 00      [10] 1832 	ld	hl, #0x000a
   074F E5            [11] 1833 	push	hl
   0750 C5            [11] 1834 	push	bc
   0751 CDr00r00      [17] 1835 	call	__divsint
   0754 F1            [10] 1836 	pop	af
   0755 F1            [10] 1837 	pop	af
   0756 D1            [10] 1838 	pop	de
   0757 4D            [ 4] 1839 	ld	c, l
   0758 44            [ 4] 1840 	ld	b, h
   0759 18 C0         [12] 1841 	jr	00101$
   075B                    1842 00114$:
   075B 4B            [ 4] 1843 	ld	c, e
                           1844 ;mini_BASIC/minibasic.h:192: if (i == 0)
   075C 7A            [ 4] 1845 	ld	a,d
   075D 47            [ 4] 1846 	ld	b,a
   075E B3            [ 4] 1847 	or	a, e
   075F 20 04         [12] 1848 	jr	NZ,00105$
                           1849 ;mini_BASIC/minibasic.h:193: buffer[i++] = '0';
   0761 C1            [10] 1850 	pop	bc
   0762 C5            [11] 1851 	push	bc
   0763 36 30         [10] 1852 	ld	(hl), #0x30
   0765                    1853 00105$:
                           1854 ;mini_BASIC/minibasic.h:197: if (value < 0 )
   0765 21 07 00      [10] 1855 	ld	hl, #6+1
   0768 39            [11] 1856 	add	hl, sp
   0769 CB 7E         [12] 1857 	bit	7, (hl)
   076B 28 09         [12] 1858 	jr	Z,00107$
                           1859 ;mini_BASIC/minibasic.h:198: buffer[i++] = '-';
   076D 59            [ 4] 1860 	ld	e, c
   076E 50            [ 4] 1861 	ld	d, b
   076F 03            [ 6] 1862 	inc	bc
   0770 21r23r00      [10] 1863 	ld	hl, #__basic_str_buffer_65536_273
   0773 19            [11] 1864 	add	hl, de
   0774 36 2D         [10] 1865 	ld	(hl), #0x2d
   0776                    1866 00107$:
                           1867 ;mini_BASIC/minibasic.h:200: buffer[i] = 0; // null terminate string
   0776 21r23r00      [10] 1868 	ld	hl, #__basic_str_buffer_65536_273
   0779 09            [11] 1869 	add	hl, bc
   077A 36 00         [10] 1870 	ld	(hl), #0x00
                           1871 ;mini_BASIC/minibasic.h:203: return reverse(buffer, 0, i - 1);
   077C 0B            [ 6] 1872 	dec	bc
   077D C5            [11] 1873 	push	bc
   077E 21 00 00      [10] 1874 	ld	hl, #0x0000
   0781 E5            [11] 1875 	push	hl
   0782 21r23r00      [10] 1876 	ld	hl, #__basic_str_buffer_65536_273
   0785 E5            [11] 1877 	push	hl
   0786 CDr76r06      [17] 1878 	call	_reverse
   0789 F1            [10] 1879 	pop	af
   078A F1            [10] 1880 	pop	af
   078B F1            [10] 1881 	pop	af
                           1882 ;mini_BASIC/minibasic.h:204: }
   078C F1            [10] 1883 	pop	af
   078D F1            [10] 1884 	pop	af
   078E C9            [10] 1885 	ret
                           1886 ;mini_BASIC/minibasic.h:206: void _basic_call (unsigned int address) 
                           1887 ;	---------------------------------
                           1888 ; Function _basic_call
                           1889 ; ---------------------------------
   078F                    1890 __basic_call::
                           1891 ;mini_BASIC/minibasic.h:216: __endasm;	
   078F DD 21 02 00   [14] 1892 	ld	ix,#2; posicion primer parametro 
   0793 DD 39         [15] 1893 	add ix,sp;
   0795 DD 6E 00      [19] 1894 	ld	l, (ix)
   0798 DD 66 01      [19] 1895 	ld	h, 1(ix)
   079B 22r9Fr07      [16] 1896 	ld	(dir+1),hl
   079E                    1897 	  dir:
   079E CD 19 BD      [17] 1898 	CALL 0xbd19 ; la direccion 0xbd19 se machaca con la que venga
                           1899 ;mini_BASIC/minibasic.h:218: }
   07A1 C9            [10] 1900 	ret
                           1901 ;mini_BASIC/minibasic.h:220: void _basic_locate (unsigned int x, unsigned int y) 
                           1902 ;	---------------------------------
                           1903 ; Function _basic_locate
                           1904 ; ---------------------------------
   07A2                    1905 __basic_locate::
                           1906 ;mini_BASIC/minibasic.h:228: __endasm;	
   07A2 DD 21 02 00   [14] 1907 	ld	ix,#2; posicion primer parametro 
   07A6 DD 39         [15] 1908 	add ix,sp;
   07A8 DD 6E 02      [19] 1909 	ld	l, 2(ix)
   07AB DD 66 00      [19] 1910 	ld	h, (ix)
   07AE CD 75 BB      [17] 1911 	call	0xbb75
                           1912 ;mini_BASIC/minibasic.h:230: }
   07B1 C9            [10] 1913 	ret
                           1914 ;mini_BASIC/minibasic.h:251: void _basic_sound(unsigned char nChannelStatus, int nTonePeriod, int nDuration, unsigned char nVolume, char nVolumeEnvelope, char nToneEnvelope, unsigned char nNoisePeriod) 
                           1915 ;	---------------------------------
                           1916 ; Function _basic_sound
                           1917 ; ---------------------------------
   07B2                    1918 __basic_sound::
                           1919 ;mini_BASIC/minibasic.h:330: __endasm;
   07B2 DD 21 02 00   [14] 1920 	ld	ix,#2;
   07B6 DD 39         [15] 1921 	add	ix,sp;
   07B8 21 F1 F7      [10] 1922 	LD	HL, #0xf7f1
   07BB DD 7E 00      [19] 1923 	LD	A, (IX) ;nChannelStatus
   07BE 77            [ 7] 1924 	LD	(HL), A
   07BF 23            [ 6] 1925 	INC	HL
   07C0 DD 7E 06      [19] 1926 	LD	A,6 (IX) ;nVolumeEnvelope
   07C3 77            [ 7] 1927 	LD	(HL), A
   07C4 23            [ 6] 1928 	INC	HL
   07C5 DD 7E 07      [19] 1929 	LD	A, 7 (IX) ;nToneEnvelope
   07C8 77            [ 7] 1930 	LD	(HL), A
   07C9 23            [ 6] 1931 	INC	HL
   07CA DD 7E 01      [19] 1932 	LD	A, 1 (IX) ;nTonePeriod
   07CD 77            [ 7] 1933 	LD	(HL), A
   07CE 23            [ 6] 1934 	INC	HL
   07CF DD 7E 02      [19] 1935 	LD	A, 2 (IX) ;nTonePeriod
   07D2 77            [ 7] 1936 	LD	(HL), A
   07D3 23            [ 6] 1937 	INC	HL
   07D4 DD 7E 08      [19] 1938 	LD	A, 8 (IX) ;nNoisePeriod
   07D7 77            [ 7] 1939 	LD	(HL), A
   07D8 23            [ 6] 1940 	INC	HL
   07D9 DD 7E 05      [19] 1941 	LD	A, 5 (IX) ;nVolume
   07DC 77            [ 7] 1942 	LD	(HL), A
   07DD 23            [ 6] 1943 	INC	HL
   07DE DD 7E 03      [19] 1944 	LD	A, 3 (IX) ;nDuration
   07E1 77            [ 7] 1945 	LD	(HL), A
   07E2 23            [ 6] 1946 	INC	HL
   07E3 DD 7E 04      [19] 1947 	LD	A, 4 (IX) ;nDuration
   07E6 77            [ 7] 1948 	LD	(HL), A
   07E7 23            [ 6] 1949 	INC	HL
   07E8 21 F1 F7      [10] 1950 	LD	HL, #0xf7f1
   07EB CD AA BC      [17] 1951 	CALL	#0xBCAA ;SOUND QUEUE
                           1952 ;mini_BASIC/minibasic.h:333: }
   07EE C9            [10] 1953 	ret
                           1954 ;mini_BASIC/minibasic.h:335: void _basic_ink (char ink1, char ink2)
                           1955 ;	---------------------------------
                           1956 ; Function _basic_ink
                           1957 ; ---------------------------------
   07EF                    1958 __basic_ink::
                           1959 ;mini_BASIC/minibasic.h:347: __endasm;	
   07EF DD 21 02 00   [14] 1960 	ld	ix,#2; posicion primer parametro 
   07F3 DD 39         [15] 1961 	add ix,sp;
   07F5 DD 7E 00      [19] 1962 	ld	a, (ix)
   07F8 DD 46 01      [19] 1963 	ld	b, 1(ix)
   07FB 48            [ 4] 1964 	ld	c,b
   07FC CD 32 BC      [17] 1965 	call	0xbc32
                           1966 ;mini_BASIC/minibasic.h:348: }
   07FF C9            [10] 1967 	ret
                           1968 ;mini_BASIC/minibasic.h:350: char _basic_peek(unsigned int address)
                           1969 ;	---------------------------------
                           1970 ; Function _basic_peek
                           1971 ; ---------------------------------
   0800                    1972 __basic_peek::
                           1973 ;mini_BASIC/minibasic.h:361: __endasm;
   0800 DD 21 02 00   [14] 1974 	ld	ix,#2; posicion primer parametro 
   0804 DD 39         [15] 1975 	add ix,sp;
   0806 DD 6E 00      [19] 1976 	ld	l, (ix)
   0809 DD 66 01      [19] 1977 	ld	h,1(ix)
   080C 7E            [ 7] 1978 	ld	a,(hl)
   080D 6F            [ 4] 1979 	ld	l,a
   080E C9            [10] 1980 	ret
                           1981 ;mini_BASIC/minibasic.h:363: return 0;
   080F 2E 00         [ 7] 1982 	ld	l, #0x00
                           1983 ;mini_BASIC/minibasic.h:365: }
   0811 C9            [10] 1984 	ret
                           1985 ;mini_BASIC/minibasic.h:367: void _basic_poke(unsigned int address, unsigned char data)
                           1986 ;	---------------------------------
                           1987 ; Function _basic_poke
                           1988 ; ---------------------------------
   0812                    1989 __basic_poke::
                           1990 ;mini_BASIC/minibasic.h:381: __endasm;
   0812 DD 21 02 00   [14] 1991 	ld	ix,#2; posicion primer parametro 
   0816 DD 39         [15] 1992 	add ix,sp;
   0818 DD 6E 00      [19] 1993 	ld	l, (ix)
   081B DD 66 01      [19] 1994 	ld	h,1(ix)
   081E DD 7E 02      [19] 1995 	ld	a,2(ix)
   0821 77            [ 7] 1996 	ld	(hl),a
   0822 C9            [10] 1997 	ret
                           1998 ;mini_BASIC/minibasic.h:382: }
   0823 C9            [10] 1999 	ret
                           2000 ;mini_BASIC/minibasic.h:384: void _basic_pen_txt(char ink)
                           2001 ;	---------------------------------
                           2002 ; Function _basic_pen_txt
                           2003 ; ---------------------------------
   0824                    2004 __basic_pen_txt::
                           2005 ;mini_BASIC/minibasic.h:392: __endasm;
   0824 DD 21 02 00   [14] 2006 	ld	ix,#2; posicion primer parametro 
   0828 DD 39         [15] 2007 	add ix,sp;
   082A DD 7E 00      [19] 2008 	ld	a, (ix)
   082D CD 90 BB      [17] 2009 	call	0xbb90
                           2010 ;mini_BASIC/minibasic.h:395: }
   0830 C9            [10] 2011 	ret
                           2012 ;mini_BASIC/minibasic.h:396: void _basic_pen_graph(char ink)
                           2013 ;	---------------------------------
                           2014 ; Function _basic_pen_graph
                           2015 ; ---------------------------------
   0831                    2016 __basic_pen_graph::
                           2017 ;mini_BASIC/minibasic.h:403: __endasm;
   0831 DD 21 02 00   [14] 2018 	ld	ix,#2; posicion primer parametro 
   0835 DD 39         [15] 2019 	add ix,sp;
   0837 DD 7E 00      [19] 2020 	ld	a, (ix)
   083A CD DE BB      [17] 2021 	call	0xbbde
                           2022 ;mini_BASIC/minibasic.h:405: }
   083D C9            [10] 2023 	ret
                           2024 ;mini_BASIC/minibasic.h:411: void _basic_paper(char ink)
                           2025 ;	---------------------------------
                           2026 ; Function _basic_paper
                           2027 ; ---------------------------------
   083E                    2028 __basic_paper::
                           2029 ;mini_BASIC/minibasic.h:418: __endasm;
   083E DD 21 02 00   [14] 2030 	ld	ix,#2; posicion primer parametro 
   0842 DD 39         [15] 2031 	add ix,sp;
   0844 DD 7E 00      [19] 2032 	ld	a, (ix)
   0847 CD 96 BB      [17] 2033 	call	0xbb96
                           2034 ;mini_BASIC/minibasic.h:420: }
   084A C9            [10] 2035 	ret
                           2036 ;mini_BASIC/minibasic.h:422: void _basic_plot(int x, int y){
                           2037 ;	---------------------------------
                           2038 ; Function _basic_plot
                           2039 ; ---------------------------------
   084B                    2040 __basic_plot::
                           2041 ;mini_BASIC/minibasic.h:435: __endasm;
   084B DD 21 02 00   [14] 2042 	ld	ix,#2; posicion primer parametro 
   084F DD 39         [15] 2043 	add ix,sp;
   0851 DD 5E 00      [19] 2044 	ld	e,(ix)
   0854 DD 56 01      [19] 2045 	ld	d, 1(ix)
   0857 DD 6E 02      [19] 2046 	ld	l, 2(ix)
   085A DD 66 03      [19] 2047 	ld	h, 3(ix)
   085D CD EA BB      [17] 2048 	call	0xBBEA ; GRA PLOT ABSOLUTE
   0860 C9            [10] 2049 	ret
                           2050 ;mini_BASIC/minibasic.h:436: }
   0861 C9            [10] 2051 	ret
                           2052 ;mini_BASIC/minibasic.h:438: void _basic_move(int x, int y){
                           2053 ;	---------------------------------
                           2054 ; Function _basic_move
                           2055 ; ---------------------------------
   0862                    2056 __basic_move::
                           2057 ;mini_BASIC/minibasic.h:451: __endasm;
   0862 DD 21 02 00   [14] 2058 	ld	ix,#2; posicion primer parametro 
   0866 DD 39         [15] 2059 	add ix,sp;
   0868 DD 5E 00      [19] 2060 	ld	e,(ix)
   086B DD 56 01      [19] 2061 	ld	d, 1(ix)
   086E DD 6E 02      [19] 2062 	ld	l, 2(ix)
   0871 DD 66 03      [19] 2063 	ld	h, 3(ix)
   0874 CD C0 BB      [17] 2064 	call	0xBBC0 ; GRA MOVE ABSOLUTE
   0877 C9            [10] 2065 	ret
                           2066 ;mini_BASIC/minibasic.h:452: }
   0878 C9            [10] 2067 	ret
                           2068 ;mini_BASIC/minibasic.h:454: void _basic_draw(int x, int y)
                           2069 ;	---------------------------------
                           2070 ; Function _basic_draw
                           2071 ; ---------------------------------
   0879                    2072 __basic_draw::
                           2073 ;mini_BASIC/minibasic.h:469: __endasm;	
   0879 DD 21 02 00   [14] 2074 	ld	ix,#2; posicion primer parametro 
   087D DD 39         [15] 2075 	add ix,sp;
   087F DD 5E 00      [19] 2076 	ld	e,(ix)
   0882 DD 56 01      [19] 2077 	ld	d, 1(ix)
   0885 DD 6E 02      [19] 2078 	ld	l, 2(ix)
   0888 DD 66 03      [19] 2079 	ld	h, 3(ix)
   088B CD F6 BB      [17] 2080 	call	0xBBF6 ; GRA LlNE ABSOLUTE
   088E C9            [10] 2081 	ret
                           2082 ;mini_BASIC/minibasic.h:471: }
   088F C9            [10] 2083 	ret
                           2084 ;ciclo.c:13: int  main()
                           2085 ;	---------------------------------
                           2086 ; Function main
                           2087 ; ---------------------------------
   0890                    2088 _main::
                           2089 ;ciclo.c:15: x=0;
   0890 21 00 00      [10] 2090 	ld	hl, #0x0000
   0893 22r2Fr00      [16] 2091 	ld	(_x), hl
                           2092 ;ciclo.c:16: for (_xmap=2;_xmap<32;_xmap+=2){ // 15 pasos
   0896 21r2Er00      [10] 2093 	ld	hl,#__xmap + 0
   0899 36 02         [10] 2094 	ld	(hl), #0x02
   089B                    2095 00102$:
                           2096 ;ciclo.c:19: x=0;
   089B 21 00 00      [10] 2097 	ld	hl, #0x0000
   089E 22r2Fr00      [16] 2098 	ld	(_x), hl
                           2099 ;ciclo.c:20: x2=2;
   08A1 2E 02         [ 7] 2100 	ld	l, #0x02
   08A3 22r31r00      [16] 2101 	ld	(_x2), hl
                           2102 ;ciclo.c:21: _8BP_setlimits_4(0,2,0,199);
   08A6 2E C7         [ 7] 2103 	ld	l, #0xc7
   08A8 E5            [11] 2104 	push	hl
   08A9 2E 00         [ 7] 2105 	ld	l, #0x00
   08AB E5            [11] 2106 	push	hl
   08AC 2E 02         [ 7] 2107 	ld	l, #0x02
   08AE E5            [11] 2108 	push	hl
   08AF 2E 00         [ 7] 2109 	ld	l, #0x00
   08B1 E5            [11] 2110 	push	hl
   08B2 CDr4Dr03      [17] 2111 	call	__8BP_setlimits_4
   08B5 F1            [10] 2112 	pop	af
   08B6 F1            [10] 2113 	pop	af
   08B7 F1            [10] 2114 	pop	af
   08B8 F1            [10] 2115 	pop	af
                           2116 ;ciclo.c:22: _8BP_map2sp_2(0,30+_xmap);
   08B9 21r2Er00      [10] 2117 	ld	hl,#__xmap + 0
   08BC 4E            [ 7] 2118 	ld	c, (hl)
   08BD 06 00         [ 7] 2119 	ld	b, #0x00
   08BF 21 1E 00      [10] 2120 	ld	hl, #0x001e
   08C2 09            [11] 2121 	add	hl, bc
   08C3 E5            [11] 2122 	push	hl
   08C4 21 00 00      [10] 2123 	ld	hl, #0x0000
   08C7 E5            [11] 2124 	push	hl
   08C8 CDrA6r04      [17] 2125 	call	__8BP_map2sp_2
   08CB F1            [10] 2126 	pop	af
   08CC F1            [10] 2127 	pop	af
                           2128 ;ciclo.c:37: __endasm; 
   08CD E5            [11] 2129 	push	hl
   08CE F5            [11] 2130 	push	af
   08CF 21r2Er00      [10] 2131 	ld	hl, #__xmap
   08D2 7E            [ 7] 2132 	ld	a,(hl)
   08D3 6F            [ 4] 2133 	ld	l,a
   08D4 AF            [ 4] 2134 	xor	a
   08D5 67            [ 4] 2135 	ld	H,a
   08D6 CD 05 BC      [17] 2136 	call	48133
   08D9 F1            [10] 2137 	pop	af
   08DA E1            [10] 2138 	pop	hl
                           2139 ;ciclo.c:39: _8BP_printspall();
   08DB CDr0Ar03      [17] 2140 	call	__8BP_printspall
                           2141 ;ciclo.c:16: for (_xmap=2;_xmap<32;_xmap+=2){ // 15 pasos
   08DE FD 21r2Er00   [14] 2142 	ld	iy, #__xmap
   08E2 FD 7E 00      [19] 2143 	ld	a, 0 (iy)
   08E5 C6 02         [ 7] 2144 	add	a, #0x02
   08E7 32r2Er00      [13] 2145 	ld	(__xmap+0), a
   08EA FD 7E 00      [19] 2146 	ld	a, 0 (iy)
   08ED D6 20         [ 7] 2147 	sub	a, #0x20
   08EF DAr9Br08      [10] 2148 	jp	C, 00102$
                           2149 ;ciclo.c:43: return 0;
   08F2 21 00 00      [10] 2150 	ld	hl, #0x0000
                           2151 ;ciclo.c:67: return 0;
                           2152 ;ciclo.c:68: }
   08F5 C9            [10] 2153 	ret
                           2154 	.area _CODE
                           2155 	.area _INITIALIZER
   0000                    2156 __xinit___basic_rnd_x:
   0000 00 00              2157 	.dw #0x0000
                           2158 	.area _CABS (ABS)
